{"mc":{
	"死亡":{
		"frameRate":8,
		"labels":[
			{"name":"11","frame":1,"end":10}
			
			],
		"events":[
			
			],
		"frames":[
			
			{
			"res":"00000",
			"x":-159,
			"y":-111
			},
			{
			"res":"00001",
			"x":-150,
			"y":-110
			},
			{
			"res":"00002",
			"x":-143,
			"y":-122
			},
			{
			"res":"00003",
			"x":-151,
			"y":-129
			},
			{
			"res":"00004",
			"x":-150,
			"y":-131
			},
			{
			"res":"00005",
			"x":-129,
			"y":-124
			},
			{
			"res":"00006",
			"x":-134,
			"y":-122
			},
			{
			"res":"00007",
			"x":-125,
			"y":-119
			},
			{
			"res":"00008",
			"x":-127,
			"y":-123
			},
			{
			"res":"00009",
			"x":-94,
			"y":-92
			}
			]
}},
	"res":{
		"00004":{"x":0,"y":229,"w":288,"h":225},
		"00002":{"x":304,"y":0,"w":297,"h":214},
		"00007":{"x":609,"y":451,"w":267,"h":218},
		"00005":{"x":597,"y":222,"w":280,"h":221},
		"00003":{"x":0,"y":0,"w":296,"h":221},
		"00000":{"x":296,"y":458,"w":305,"h":206},
		"00001":{"x":609,"y":0,"w":298,"h":205},
		"00006":{"x":296,"y":229,"w":293,"h":221},
		"00008":{"x":0,"y":462,"w":267,"h":222},
		"00009":{"x":275,"y":672,"w":214,"h":180}
	}}