{"mc":{
	"1":{
		"frameRate":12,
		"labels":[
			{"name":"1","frame":1,"end":8}
			
			],
		"events":[
			
			],
		"frames":[
			
			{
			"res":"00000_png",
			"x":-97,
			"y":-99
			},
			{
			"res":"00001_png",
			"x":-97,
			"y":-99
			},
			{
			"res":"00002_png",
			"x":-97,
			"y":-100
			},
			{
			"res":"00003_png",
			"x":-97,
			"y":-100
			},
			{
			"res":"00004_png",
			"x":-97,
			"y":-100
			},
			{
			"res":"00005_png",
			"x":-97,
			"y":-100
			},
			{
			"res":"00006_png",
			"x":-97,
			"y":-100
			},
			{
			"res":"00007_png",
			"x":-93,
			"y":-100
			}
			]
}},
	"res":{
		"00001_png":{"x":566,"y":0,"w":188,"h":184},
		"00003_png":{"x":188,"y":188,"w":187,"h":188},
		"00005_png":{"x":0,"y":0,"w":190,"h":188},
		"00000_png":{"x":378,"y":0,"w":188,"h":186},
		"00007_png":{"x":562,"y":186,"w":186,"h":188},
		"00004_png":{"x":0,"y":188,"w":188,"h":188},
		"00006_png":{"x":190,"y":0,"w":188,"h":187},
		"00002_png":{"x":375,"y":187,"w":187,"h":187}
	}}