{"mc":{
	"1":{
		"frameRate":8,
		"labels":[
			{"name":"1","frame":1,"end":8}
			
			],
		"events":[
			
			],
		"frames":[
			
			{
			"res":"00000",
			"x":-158,
			"y":-101
			},
			{
			"res":"00001",
			"x":-158,
			"y":-96
			},
			{
			"res":"00002",
			"x":-158,
			"y":-91
			},
			{
			"res":"00003",
			"x":-158,
			"y":-95
			},
			{
			"res":"00004",
			"x":-158,
			"y":-99
			},
			{
			"res":"00005",
			"x":-158,
			"y":-103
			},
			{
			"res":"00006",
			"x":-158,
			"y":-103
			},
			{
			"res":"00007",
			"x":-158,
			"y":-102
			}
			]
}},
	"res":{
		"00000":{"x":0,"y":268,"w":324,"h":130},
		"00005":{"x":664,"y":0,"w":334,"h":132},
		"00003":{"x":333,"y":0,"w":331,"h":135},
		"00002":{"x":657,"y":264,"w":328,"h":130},
		"00006":{"x":664,"y":132,"w":331,"h":132},
		"00007":{"x":0,"y":137,"w":327,"h":131},
		"00001":{"x":333,"y":135,"w":324,"h":134},
		"00004":{"x":0,"y":0,"w":333,"h":137}
	}}