{"mc":{
	"0009":{
		"frameRate":5,
		"labels":[
			{"name":"0009","frame":1,"end":9}
			
			],
		"events":[
			
			],
		"frames":[
			
			{
			"res":"00000",
			"x":-70,
			"y":-70
			},
			{
			"res":"00001",
			"x":-68,
			"y":-72
			},
			{
			"res":"00002",
			"x":-66,
			"y":-71
			},
			{
			"res":"00003",
			"x":-69,
			"y":-71
			},
			{
			"res":"00004",
			"x":-71,
			"y":-69
			},
			{
			"res":"00006",
			"x":-70,
			"y":-70
			},
			{
			"res":"00007",
			"x":-68,
			"y":-72
			},
			{
			"res":"00009",
			"x":-69,
			"y":-71
			},
			{
			"res":"00010",
			"x":-71,
			"y":-69
			}
			]
}},
	"res":{
		"00007":{"x":278,"y":280,"w":136,"h":142},
		"00000":{"x":0,"y":0,"w":140,"h":138},
		"00002":{"x":0,"y":282,"w":132,"h":140},
		"00010":{"x":140,"y":140,"w":142,"h":136},
		"00009":{"x":284,"y":0,"w":138,"h":140},
		"00004":{"x":284,"y":142,"w":142,"h":136},
		"00001":{"x":140,"y":278,"w":136,"h":142},
		"00006":{"x":142,"y":0,"w":140,"h":138},
		"00003":{"x":0,"y":140,"w":138,"h":140}
	}}