{"mc":{
	"1":{
		"frameRate":8,
		"labels":[
			{"name":"1","frame":1,"end":8}
			
			],
		"events":[
			
			],
		"frames":[
			
			{
			"res":"00000",
			"x":-136,
			"y":-78
			},
			{
			"res":"00001",
			"x":-136,
			"y":-80
			},
			{
			"res":"00002",
			"x":-136,
			"y":-80
			},
			{
			"res":"00003",
			"x":-136,
			"y":-83
			},
			{
			"res":"00004",
			"x":-136,
			"y":-85
			},
			{
			"res":"00005",
			"x":-136,
			"y":-86
			},
			{
			"res":"00006",
			"x":-136,
			"y":-87
			},
			{
			"res":"00007",
			"x":-136,
			"y":-89
			}
			]
}},
	"res":{
		"00003":{"x":284,"y":119,"w":284,"h":116},
		"00000":{"x":284,"y":235,"w":284,"h":110},
		"00005":{"x":568,"y":0,"w":284,"h":118},
		"00007":{"x":0,"y":0,"w":284,"h":121},
		"00006":{"x":284,"y":0,"w":284,"h":119},
		"00004":{"x":568,"y":118,"w":284,"h":117},
		"00001":{"x":0,"y":234,"w":284,"h":112},
		"00002":{"x":0,"y":121,"w":284,"h":113}
	}}