{"mc":{
	"texiao":{
		"frameRate":8,
		"labels":[
			{"name":"1","frame":1,"end":6}
			
			],
		"events":[
			
			],
		"frames":[
			
			{
			"res":"00000",
			"x":-178,
			"y":-179
			},
			{
			"res":"00002",
			"x":-197,
			"y":-200
			},
			{
			"res":"00004",
			"x":-188,
			"y":-186
			},
			{
			"res":"00006",
			"x":-181,
			"y":-181
			},
			{
			"res":"00008",
			"x":-200,
			"y":-195
			},
			{
			"res":"00010",
			"x":-194,
			"y":-200
			}
			]
}},
	"res":{
		"00006":{"x":782,"y":362,"w":359,"h":360},
		"00002":{"x":0,"y":0,"w":397,"h":395},
		"00010":{"x":398,"y":0,"w":382,"h":386},
		"00004":{"x":398,"y":388,"w":382,"h":386},
		"00008":{"x":0,"y":397,"w":397,"h":395},
		"00000":{"x":782,"y":0,"w":359,"h":360}
	}}