{"mc":{
	"ZHUANRU":{
		"frameRate":12,
		"labels":[
			{"name":"1","frame":1,"end":9}
			
			],
		"events":[
			
			],
		"frames":[
			
			{
			"res":"zhuanru_010",
			"x":-161,
			"y":-181
			},
			{
			"res":"zhuanru_011",
			"x":-161,
			"y":-169
			},
			{
			"res":"zhuanru_012",
			"x":-153,
			"y":-162
			},
			{
			"res":"zhuanru_013",
			"x":-154,
			"y":-196
			},
			{
			"res":"zhuanru_014",
			"x":-129,
			"y":-136
			},
			{
			"res":"zhuanru_015",
			"x":-129,
			"y":-136
			},
			{
			"res":"zhuanru_016",
			"x":-129,
			"y":-136
			},
			{
			"res":"zhuanru_017",
			"x":-129,
			"y":-136
			},
			{
			"res":"zhuanru_009",
			"x":-84,
			"y":-112
			}
			]
}},
	"res":{
		"zhuanru_012":{"x":348,"y":310,"w":313,"h":301},
		"zhuanru_013":{"x":684,"y":0,"w":298,"h":335},
		"zhuanru_014":{"x":663,"y":602,"w":267,"h":263},
		"zhuanru_011":{"x":348,"y":0,"w":334,"h":308},
		"zhuanru_017":{"x":663,"y":337,"w":267,"h":263},
		"zhuanru_010":{"x":0,"y":0,"w":346,"h":320},
		"zhuanru_015":{"x":0,"y":587,"w":267,"h":263},
		"zhuanru_016":{"x":0,"y":322,"w":267,"h":263},
		"zhuanru_009":{"x":269,"y":613,"w":172,"h":197}
	}}