{"mc":{
	"1":{
		"frameRate":8,
		"labels":[
			{"name":"1","frame":1,"end":6}
			
			],
		"events":[
			
			],
		"frames":[
			
			{
			"res":"00000",
			"x":-88,
			"y":-89
			},
			{
			"res":"00002",
			"x":-89,
			"y":-88
			},
			{
			"res":"00004",
			"x":-88,
			"y":-89
			},
			{
			"res":"00006",
			"x":-90,
			"y":-89
			},
			{
			"res":"00008",
			"x":-92,
			"y":-89
			},
			{
			"res":"00010",
			"x":-90,
			"y":-89
			}
			]
}},
	"res":{
		"00010":{"x":180,"y":0,"w":174,"h":155},
		"00002":{"x":174,"y":313,"w":172,"h":152},
		"00000":{"x":176,"y":157,"w":170,"h":152},
		"00004":{"x":0,"y":313,"w":172,"h":154},
		"00008":{"x":0,"y":0,"w":178,"h":155},
		"00006":{"x":0,"y":157,"w":174,"h":154}
	}}