{"mc":{
	"MAOYAN":{
		"frameRate":12,
		"labels":[
			{"name":"1","frame":1,"end":12}
			
			],
		"events":[
			
			],
		"frames":[
			
			{
			"res":"maoyan_000",
			"x":-189,
			"y":-163
			},
			{
			"res":"maoyan_001",
			"x":-176,
			"y":-160
			},
			{
			"res":"maoyan_002",
			"x":-164,
			"y":-153
			},
			{
			"res":"maoyan_003",
			"x":-165,
			"y":-132
			},
			{
			"res":"maoyan_004",
			"x":-140,
			"y":-127
			},
			{
			"res":"maoyan_005",
			"x":-140,
			"y":-127
			},
			{
			"res":"maoyan_007",
			"x":-140,
			"y":-127
			},
			{
			"res":"maoyan_008",
			"x":-140,
			"y":-127
			},
			{
			"res":"maoyan_009",
			"x":-138,
			"y":-125
			},
			{
			"res":"maoyan_010",
			"x":-139,
			"y":-125
			},
			{
			"res":"maoyan_011",
			"x":-140,
			"y":-126
			},
			{
			"res":"maoyan_012",
			"x":-136,
			"y":-128
			}
			]
}},
	"res":{
		"maoyan_001":{"x":0,"y":346,"w":337,"h":329},
		"maoyan_010":{"x":877,"y":268,"w":264,"h":266},
		"maoyan_007":{"x":339,"y":346,"w":267,"h":267},
		"maoyan_002":{"x":0,"y":677,"w":313,"h":310},
		"maoyan_011":{"x":881,"y":536,"w":263,"h":267},
		"maoyan_008":{"x":621,"y":0,"w":267,"h":266},
		"maoyan_003":{"x":315,"y":677,"w":298,"h":298},
		"maoyan_004":{"x":352,"y":0,"w":267,"h":266},
		"maoyan_012":{"x":890,"y":0,"w":259,"h":265},
		"maoyan_000":{"x":0,"y":0,"w":350,"h":344},
		"maoyan_009":{"x":615,"y":614,"w":264,"h":266},
		"maoyan_005":{"x":608,"y":346,"w":267,"h":266}
	}}