{"mc":{
	"1":{
		"frameRate":8,
		"labels":[
			{"name":"1","frame":1,"end":8}
			
			],
		"events":[
			
			],
		"frames":[
			
			{
			"res":"00000",
			"x":-166,
			"y":-79
			},
			{
			"res":"00001",
			"x":-172,
			"y":-74
			},
			{
			"res":"00002",
			"x":-172,
			"y":-69
			},
			{
			"res":"00003",
			"x":-172,
			"y":-73
			},
			{
			"res":"00004",
			"x":-171,
			"y":-77
			},
			{
			"res":"00005",
			"x":-170,
			"y":-81
			},
			{
			"res":"00006",
			"x":-169,
			"y":-81
			},
			{
			"res":"00007",
			"x":-168,
			"y":-80
			}
			]
}},
	"res":{
		"00001":{"x":0,"y":270,"w":370,"h":134},
		"00000":{"x":0,"y":137,"w":364,"h":133},
		"00006":{"x":370,"y":270,"w":367,"h":135},
		"00007":{"x":0,"y":404,"w":366,"h":134},
		"00004":{"x":0,"y":0,"w":369,"h":137},
		"00003":{"x":369,"y":0,"w":370,"h":135},
		"00002":{"x":366,"y":405,"w":370,"h":130},
		"00005":{"x":369,"y":135,"w":368,"h":135}
	}}