﻿{
	"isTSVersion":0,
	"isPublish":0,
	"isShildTSV":0,
	"isWSS":0,
	"isShieldIOSBusiness":0,
	"basePath":"resource/",
	"resPath":"resource-Remote/",
	"serverDomain":"api.xyws-solgame.solgame.cn",
	"ts_serverDomain":"api.xyws-solgame.solgame.cn",
	"openIdRequestDomain":"",
	"rechargeOrderIdServer":"",
	"platform":"xyws_solgame",
	"platformId":1,
	"platformSign":"xyws_solgame",
	"isMarkPoint":0,
	"markPointServer":"",
	"markPointPort":"2230",
	"appId":"",
	"appKey":"",
	"channelId":"0",
	"resVersion":1, 
	"isOpenGM":1,
	"extendsParams":"",
	"isDebug":1,
	"showCbRead":0,
	"isShowNotice":1,
	"max_hw_ratio":2.16,
	"min_hw_ratio":1.333
}