{"mc":{
	"1":{
		"frameRate":6,
		"labels":[
			{"name":"1","frame":1,"end":8}
			
			],
		"events":[
			
			],
		"frames":[
			
			{
			"res":"00000",
			"x":-83,
			"y":-83
			},
			{
			"res":"00004",
			"x":-88,
			"y":-89
			},
			{
			"res":"00006",
			"x":-86,
			"y":-88
			},
			{
			"res":"00008",
			"x":-91,
			"y":-100
			},
			{
			"res":"00011",
			"x":-88,
			"y":-87
			},
			{
			"res":"00013",
			"x":-85,
			"y":-88
			},
			{
			"res":"00015",
			"x":-92,
			"y":-86
			},
			{
			"res":"00017",
			"x":-95,
			"y":-87
			}
			]
}},
	"res":{
		"00006":{"x":178,"y":378,"w":178,"h":174},
		"00011":{"x":186,"y":194,"w":179,"h":184},
		"00000":{"x":173,"y":552,"w":167,"h":166},
		"00004":{"x":0,"y":542,"w":173,"h":177},
		"00017":{"x":0,"y":187,"w":186,"h":180},
		"00008":{"x":0,"y":0,"w":186,"h":187},
		"00013":{"x":186,"y":0,"w":173,"h":194},
		"00015":{"x":0,"y":367,"w":178,"h":175}
	}}