{"file":"injectList.png","frames":{
"common_anniud_png":{"x":99,"y":0,"w":132,"h":59,"offX":0,"offY":0,"sourceW":132,"sourceH":59},
"dfzbs_saiqudiban_png":{"x":0,"y":0,"w":99,"h":112,"offX":0,"offY":0,"sourceW":99,"sourceH":112},
"dfzbs_saiqu_dijianniu_png":{"x":0,"y":149,"w":176,"h":41,"offX":0,"offY":0,"sourceW":176,"sourceH":41},
"dikuang_png":{"x":0,"y":190,"w":247,"h":29,"offX":0,"offY":0,"sourceW":247,"sourceH":29},
"frame_dianfengzhengba_xuanzhekuang_png":{"x":0,"y":112,"w":255,"h":37,"offX":0,"offY":0,"sourceW":255,"sourceH":37}}}