{"file":"mainui.png","frames":{
"icon_dividend ":{"x":371,"y":700,"w":93,"h":85,"offX":1,"offY":5,"sourceW":94,"sourceH":94},
"icon_dividend1":{"x":122,"y":498,"w":117,"h":135,"offX":3,"offY":3,"sourceW":122,"sourceH":140},
"icon_gold":{"x":846,"y":612,"w":120,"h":100,"offX":4,"offY":16,"sourceW":128,"sourceH":128},
"icon_gold1":{"x":970,"y":1,"w":48,"h":48,"offX":0,"offY":0,"sourceW":48,"sourceH":48},
"icon_home":{"x":970,"y":96,"w":44,"h":42,"offX":3,"offY":5,"sourceW":50,"sourceH":50},
"icon_injection":{"x":790,"y":716,"w":85,"h":87,"offX":5,"offY":5,"sourceW":94,"sourceH":94},
"icon_injection1":{"x":1,"y":498,"w":117,"h":135,"offX":3,"offY":3,"sourceW":122,"sourceH":140},
"icon_promote":{"x":879,"y":716,"w":76,"h":81,"offX":8,"offY":7,"sourceW":94,"sourceH":94},
"icon_promote1":{"x":598,"y":444,"w":117,"h":135,"offX":3,"offY":3,"sourceW":122,"sourceH":140},
"icon_Raiders":{"x":970,"y":53,"w":48,"h":39,"offX":1,"offY":6,"sourceW":50,"sourceH":50},
"icon_shop":{"x":479,"y":689,"w":89,"h":91,"offX":3,"offY":3,"sourceW":94,"sourceH":94},
"icon_shop1":{"x":477,"y":444,"w":117,"h":135,"offX":3,"offY":3,"sourceW":122,"sourceH":140},
"icon_treasury":{"x":719,"y":506,"w":123,"h":121,"offX":3,"offY":3,"sourceW":128,"sourceH":128},
"icon_usdt":{"x":956,"y":306,"w":65,"h":83,"offX":15,"offY":6,"sourceW":94,"sourceH":94},
"item_di1":{"x":1,"y":369,"w":351,"h":125,"offX":0,"offY":0,"sourceW":351,"sourceH":125},
"main_dikuang2":{"x":1,"y":287,"w":756,"h":78,"offX":0,"offY":0,"sourceW":756,"sourceH":78},
"panel_frame2":{"x":606,"y":680,"w":180,"h":45,"offX":3,"offY":3,"sourceW":185,"sourceH":50},
"panel_frame3":{"x":606,"y":631,"w":215,"h":45,"offX":1,"offY":1,"sourceW":216,"sourceH":46},
"btn_bottom_exchange":{"x":803,"y":353,"w":149,"h":149,"offX":0,"offY":0,"sourceW":149,"sourceH":149},
"btn_bottom_gold":{"x":765,"y":200,"w":149,"h":149,"offX":0,"offY":0,"sourceW":149,"sourceH":149},
"btn_bottom_pet":{"x":765,"y":1,"w":201,"h":195,"offX":0,"offY":0,"sourceW":201,"sourceH":197},
"btn_download":{"x":92,"y":637,"w":87,"h":102,"offX":25,"offY":1,"sourceW":136,"sourceH":103},
"btn_exchange":{"x":356,"y":444,"w":117,"h":135,"offX":3,"offY":3,"sourceW":122,"sourceH":140},
"btn_get":{"x":243,"y":583,"w":114,"h":113,"offX":0,"offY":0,"sourceW":114,"sourceH":113},
"btn_help":{"x":1,"y":637,"w":87,"h":102,"offX":25,"offY":1,"sourceW":136,"sourceH":103},
"btn_permit":{"x":918,"y":200,"w":103,"h":102,"offX":16,"offY":1,"sourceW":136,"sourceH":103},
"btn_person":{"x":479,"y":583,"w":123,"h":102,"offX":6,"offY":1,"sourceW":136,"sourceH":103},
"btn_price":{"x":361,"y":583,"w":114,"h":113,"offX":0,"offY":0,"sourceW":114,"sourceH":113},
"btn_realname":{"x":846,"y":506,"w":132,"h":102,"offX":2,"offY":1,"sourceW":136,"sourceH":103},
"exchange":{"x":243,"y":498,"w":93,"h":81,"offX":1,"offY":8,"sourceW":94,"sourceH":94},
"game_title":{"x":183,"y":700,"w":184,"h":43,"offX":1,"offY":2,"sourceW":186,"sourceH":48},
"home_frame":{"x":356,"y":369,"w":443,"h":71,"offX":0,"offY":0,"sourceW":443,"sourceH":71},
"home_frame1":{"x":1,"y":155,"w":760,"h":128,"offX":0,"offY":22,"sourceW":760,"sourceH":150},
"home_frame2":{"x":1,"y":1,"w":713,"h":150,"offX":23,"offY":0,"sourceW":760,"sourceH":150}}}