{"file":"panelui.png","frames":{
"anniu_1":{"x":1,"y":493,"w":601,"h":70,"offX":0,"offY":0,"sourceW":601,"sourceH":70},
"anniu_2":{"x":1,"y":401,"w":340,"h":73,"offX":4,"offY":3,"sourceW":347,"sourceH":79},
"anniu_3":{"x":606,"y":493,"w":340,"h":73,"offX":4,"offY":3,"sourceW":347,"sourceH":79},
"anniu_4":{"x":1,"y":294,"w":372,"h":103,"offX":4,"offY":3,"sourceW":379,"sourceH":109},
"AnZhuoTuBiao":{"x":500,"y":354,"w":47,"h":50,"offX":1,"offY":0,"sourceW":50,"sourceH":50},
"GuiMo":{"x":928,"y":282,"w":68,"h":68,"offX":0,"offY":0,"sourceW":68,"sourceH":68},
"GuiMoShuoMing":{"x":1,"y":1,"w":548,"h":289,"offX":0,"offY":0,"sourceW":548,"sourceH":289},
"icon_person1":{"x":976,"y":49,"w":39,"h":41,"offX":1,"offY":1,"sourceW":40,"sourceH":42},
"icon_person2":{"x":976,"y":1,"w":42,"h":44,"offX":0,"offY":0,"sourceW":42,"sourceH":44},
"JianTou":{"x":856,"y":354,"w":56,"h":30,"offX":0,"offY":0,"sourceW":56,"sourceH":30},
"JiaoYi":{"x":377,"y":294,"w":68,"h":68,"offX":0,"offY":0,"sourceW":68,"sourceH":68},
"PingGuoTuBiao":{"x":449,"y":354,"w":47,"h":50,"offX":1,"offY":0,"sourceW":50,"sourceH":50},
"ShenSeTouMingDi":{"x":553,"y":1,"w":419,"h":277,"offX":0,"offY":0,"sourceW":419,"sourceH":277},
"ShiMingRenZhengTuBiao":{"x":449,"y":294,"w":56,"h":56,"offX":0,"offY":0,"sourceW":56,"sourceH":56},
"ShuRuKuang1":{"x":1,"y":567,"w":308,"h":66,"offX":0,"offY":0,"sourceW":308,"sourceH":67},
"TiCheng":{"x":856,"y":282,"w":68,"h":68,"offX":0,"offY":0,"sourceW":68,"sourceH":68},
"TuanDuiGuiMo":{"x":553,"y":282,"w":299,"h":207,"offX":0,"offY":0,"sourceW":299,"sourceH":207}}}