{"file":"panel2.png","frames":{
"alertbg":{"x":1,"y":1,"w":411,"h":318,"offX":2,"offY":2,"sourceW":415,"sourceH":322},
"alertbg1":{"x":416,"y":1,"w":361,"h":269,"offX":2,"offY":2,"sourceW":365,"sourceH":273},
"alertbg2":{"x":1,"y":473,"w":281,"h":235,"offX":0,"offY":0,"sourceW":282,"sourceH":236},
"btn_back":{"x":781,"y":1,"w":70,"h":70,"offX":12,"offY":13,"sourceW":94,"sourceH":94},
"btn_close2":{"x":855,"y":1,"w":61,"h":61,"offX":17,"offY":18,"sourceW":94,"sourceH":94},
"panel_di":{"x":920,"y":1,"w":44,"h":44,"offX":2,"offY":2,"sourceW":48,"sourceH":48},
"panel_frame":{"x":1,"y":323,"w":648,"h":146,"offX":1,"offY":1,"sourceW":649,"sourceH":147},
"panel_img":{"x":653,"y":274,"w":355,"h":252,"offX":0,"offY":0,"sourceW":355,"sourceH":252},
"panel_title":{"x":286,"y":530,"w":683,"h":63,"offX":0,"offY":0,"sourceW":683,"sourceH":63},
"title_banner":{"x":286,"y":649,"w":607,"h":19,"offX":0,"offY":2,"sourceW":607,"sourceH":22},
"title_bg":{"x":286,"y":597,"w":290,"h":48,"offX":0,"offY":0,"sourceW":290,"sourceH":48},
"title_bg2":{"x":286,"y":473,"w":290,"h":48,"offX":0,"offY":0,"sourceW":290,"sourceH":48}}}