{"file":"shop.png","frames":{
"btn_back":{"x":461,"y":154,"w":72,"h":67,"offX":11,"offY":14,"sourceW":94,"sourceH":94},
"btn_close":{"x":825,"y":268,"w":72,"h":72,"offX":12,"offY":12,"sourceW":94,"sourceH":94},
"btn_common":{"x":825,"y":221,"w":152,"h":47,"offX":0,"offY":2,"sourceW":152,"sourceH":49},
"btn_common1":{"x":811,"y":349,"w":152,"h":47,"offX":0,"offY":1,"sourceW":152,"sourceH":49},
"item_icon":{"x":697,"y":349,"w":114,"h":114,"offX":0,"offY":0,"sourceW":114,"sourceH":114},
"item_icon1":{"x":697,"y":221,"w":128,"h":128,"offX":3,"offY":3,"sourceW":133,"sourceH":133},
"panel_bar1":{"x":0,"y":221,"w":697,"h":108,"offX":0,"offY":0,"sourceW":697,"sourceH":108},
"panel_bar2":{"x":0,"y":329,"w":697,"h":105,"offX":0,"offY":0,"sourceW":697,"sourceH":105},
"panel_bg":{"x":645,"y":0,"w":367,"h":221,"offX":0,"offY":0,"sourceW":367,"sourceH":221},
"panel_frame4":{"x":0,"y":0,"w":645,"h":154,"offX":1,"offY":1,"sourceW":646,"sourceH":155},
"panel_title":{"x":0,"y":434,"w":683,"h":63,"offX":0,"offY":0,"sourceW":683,"sourceH":63},
"title_duihuan":{"x":811,"y":396,"w":87,"h":41,"offX":2,"offY":2,"sourceW":92,"sourceH":46},
"title_fenhong":{"x":898,"y":396,"w":88,"h":39,"offX":2,"offY":3,"sourceW":92,"sourceH":46},
"title_img":{"x":0,"y":497,"w":746,"h":55,"offX":0,"offY":0,"sourceW":746,"sourceH":55},
"title_jibi":{"x":349,"y":154,"w":112,"h":44,"offX":0,"offY":0,"sourceW":117,"sourceH":44},
"title_pet":{"x":234,"y":154,"w":115,"h":43,"offX":0,"offY":0,"sourceW":117,"sourceH":44},
"title_shop":{"x":897,"y":268,"w":117,"h":44,"offX":0,"offY":0,"sourceW":117,"sourceH":44},
"title_tongzheng":{"x":117,"y":154,"w":117,"h":43,"offX":0,"offY":1,"sourceW":117,"sourceH":44},
"title_tuiguang":{"x":533,"y":154,"w":88,"h":42,"offX":2,"offY":2,"sourceW":92,"sourceH":46},
"title_zhuru":{"x":897,"y":312,"w":88,"h":37,"offX":2,"offY":4,"sourceW":92,"sourceH":46},
"title_zichan":{"x":0,"y":154,"w":117,"h":43,"offX":0,"offY":0,"sourceW":117,"sourceH":44}}}