{"file":"trade.png","frames":{
"btn_help":{"x":1908,"y":1,"w":80,"h":80,"offX":0,"offY":0,"sourceW":80,"sourceH":80},
"button_img":{"x":1685,"y":591,"w":337,"h":73,"offX":4,"offY":3,"sourceW":344,"sourceH":79},
"exchange_title_img":{"x":1204,"y":1,"w":663,"h":291,"offX":0,"offY":0,"sourceW":663,"sourceH":291},
"hengtiao":{"x":1771,"y":436,"w":226,"h":38,"offX":0,"offY":0,"sourceW":226,"sourceH":38},
"input_img":{"x":1771,"y":296,"w":257,"h":73,"offX":3,"offY":3,"sourceW":262,"sourceH":78},
"input_img2":{"x":1771,"y":373,"w":253,"h":59,"offX":1,"offY":2,"sourceW":256,"sourceH":62},
"kuang_img":{"x":1,"y":379,"w":315,"h":293,"offX":0,"offY":0,"sourceW":315,"sourceH":293},
"kuang_img2":{"x":320,"y":583,"w":313,"h":291,"offX":1,"offY":1,"sourceW":315,"sourceH":293},
"liet_item":{"x":320,"y":379,"w":225,"h":62,"offX":0,"offY":0,"sourceW":225,"sourceH":62},
"list_bg":{"x":629,"y":1,"w":571,"h":373,"offX":0,"offY":0,"sourceW":571,"sourceH":373},
"list_bg2":{"x":629,"y":378,"w":498,"h":201,"offX":0,"offY":0,"sourceW":499,"sourceH":202},
"list_kuang":{"x":1366,"y":591,"w":315,"h":98,"offX":3,"offY":3,"sourceW":320,"sourceH":103},
"list_title":{"x":1366,"y":693,"w":440,"h":69,"offX":0,"offY":0,"sourceW":440,"sourceH":69},
"mask_bg":{"x":637,"y":583,"w":361,"h":249,"offX":0,"offY":0,"sourceW":361,"sourceH":249},
"panel_bg":{"x":1,"y":1,"w":624,"h":374,"offX":0,"offY":0,"sourceW":624,"sourceH":374},
"panel_bg2":{"x":1204,"y":296,"w":563,"h":291,"offX":0,"offY":0,"sourceW":563,"sourceH":291},
"zhuzi":{"x":1871,"y":1,"w":33,"h":217,"offX":0,"offY":0,"sourceW":33,"sourceH":217},
"zhuziditu":{"x":1002,"y":591,"w":360,"h":218,"offX":0,"offY":0,"sourceW":360,"sourceH":218}}}