{"mc":{
	"fish":{
		"frameRate":24,
		"labels":[
			{"name":"action","frame":1,"end":17}
			
			],
		"events":[
			
			],
		"frames":[
			
			{
			"res":"1",
			"x":12,
			"y":16
			},
			{
			"res":"2",
			"x":11,
			"y":16
			},
			{
			"res":"3",
			"x":9,
			"y":14
			},
			{
			"res":"4",
			"x":8,
			"y":12
			},
			{
			"res":"5",
			"x":7,
			"y":10
			},
			{
			"res":"6",
			"x":4,
			"y":8
			},
			{
			"res":"7",
			"x":3,
			"y":5
			},
			{
			"res":"8",
			"x":1,
			"y":3
			},
			{
			"res":"9",
			"x":0,
			"y":1
			},
			{
			"res":"10",
			"x":1,
			"y":3
			},
			{
			"res":"11",
			"x":3,
			"y":5
			},
			{
			"res":"12",
			"x":5,
			"y":8
			},
			{
			"res":"13",
			"x":7,
			"y":10
			},
			{
			"res":"14",
			"x":8,
			"y":12
			},
			{
			"res":"15",
			"x":9,
			"y":14
			},
			{
			"res":"16",
			"x":11,
			"y":16
			},
			{
			"res":"17",
			"x":12,
			"y":16
			}
			]
}},
	"res":{
		"1":{"x":823,"y":237,"w":156,"h":101},
		"2":{"x":329,"y":237,"w":158,"h":103},
		"3":{"x":0,"y":236,"w":159,"h":106},
		"4":{"x":168,"y":126,"w":161,"h":112},
		"5":{"x":504,"y":123,"w":162,"h":115},
		"6":{"x":833,"y":0,"w":164,"h":119},
		"7":{"x":504,"y":0,"w":165,"h":123},
		"8":{"x":336,"y":0,"w":168,"h":126},
		"9":{"x":0,"y":0,"w":168,"h":130},
		"10":{"x":168,"y":0,"w":168,"h":126},
		"11":{"x":669,"y":0,"w":164,"h":123},
		"12":{"x":833,"y":119,"w":163,"h":118},
		"13":{"x":666,"y":123,"w":161,"h":114},
		"14":{"x":329,"y":126,"w":160,"h":111},
		"15":{"x":0,"y":130,"w":160,"h":106},
		"16":{"x":666,"y":237,"w":157,"h":103},
		"17":{"x":159,"y":238,"w":156,"h":100}
	}}