{"mc":{
	"d":{
		"frameRate":24,
		"labels":[
			{"name":"d","frame":1,"end":25}
			
			],
		"events":[
			
			],
		"frames":[
			
			{
			"res":"armatureName_newAnimation_00",
			"x":5,
			"y":0
			},
			{
			"res":"armatureName_newAnimation_01",
			"x":4,
			"y":9
			},
			{
			"res":"armatureName_newAnimation_02",
			"x":3,
			"y":19
			},
			{
			"res":"armatureName_newAnimation_03",
			"x":3,
			"y":27
			},
			{
			"res":"armatureName_newAnimation_04",
			"x":2,
			"y":34
			},
			{
			"res":"armatureName_newAnimation_05",
			"x":2,
			"y":41
			},
			{
			"res":"armatureName_newAnimation_06",
			"x":0,
			"y":42
			},
			{
			"res":"armatureName_newAnimation_07",
			"x":0,
			"y":42
			},
			{
			"res":"armatureName_newAnimation_08",
			"x":2,
			"y":42
			},
			{
			"res":"armatureName_newAnimation_09",
			"x":3,
			"y":42
			},
			{
			"res":"armatureName_newAnimation_10",
			"x":4,
			"y":42
			},
			{
			"res":"armatureName_newAnimation_11",
			"x":4,
			"y":42
			},
			{
			"res":"armatureName_newAnimation_12",
			"x":1,
			"y":42
			},
			{
			"res":"armatureName_newAnimation_13",
			"x":4,
			"y":42
			},
			{
			"res":"armatureName_newAnimation_14",
			"x":4,
			"y":43
			},
			{
			"res":"armatureName_newAnimation_15",
			"x":3,
			"y":42
			},
			{
			"res":"armatureName_newAnimation_16",
			"x":2,
			"y":42
			},
			{
			"res":"armatureName_newAnimation_17",
			"x":0,
			"y":42
			},
			{
			"res":"armatureName_newAnimation_18",
			"x":0,
			"y":42
			},
			{
			"res":"armatureName_newAnimation_19",
			"x":2,
			"y":41
			},
			{
			"res":"armatureName_newAnimation_20",
			"x":2,
			"y":34
			},
			{
			"res":"armatureName_newAnimation_21",
			"x":3,
			"y":27
			},
			{
			"res":"armatureName_newAnimation_22",
			"x":3,
			"y":19
			},
			{
			"res":"armatureName_newAnimation_23",
			"x":4,
			"y":9
			},
			{
			"res":"armatureName_newAnimation_24",
			"x":5,
			"y":0
			}
			]
}},
	"res":{
		"armatureName_newAnimation_12":{"x":655,"y":675,"w":166,"h":146},
		"armatureName_newAnimation_03":{"x":166,"y":0,"w":162,"h":199},
		"armatureName_newAnimation_06":{"x":327,"y":591,"w":166,"h":180},
		"armatureName_newAnimation_04":{"x":328,"y":0,"w":163,"h":193},
		"armatureName_newAnimation_07":{"x":656,"y":0,"w":166,"h":177},
		"armatureName_newAnimation_17":{"x":493,"y":184,"w":166,"h":177},
		"armatureName_newAnimation_23":{"x":0,"y":444,"w":164,"h":216},
		"armatureName_newAnimation_09":{"x":822,"y":349,"w":163,"h":167},
		"armatureName_newAnimation_18":{"x":490,"y":377,"w":166,"h":180},
		"armatureName_newAnimation_13":{"x":656,"y":361,"w":163,"h":153},
		"armatureName_newAnimation_10":{"x":823,"y":516,"w":162,"h":160},
		"armatureName_newAnimation_01":{"x":0,"y":660,"w":164,"h":216},
		"armatureName_newAnimation_22":{"x":164,"y":651,"w":163,"h":207},
		"armatureName_newAnimation_11":{"x":493,"y":557,"w":162,"h":153},
		"armatureName_newAnimation_16":{"x":822,"y":0,"w":164,"h":172},
		"armatureName_newAnimation_02":{"x":164,"y":444,"w":163,"h":207},
		"armatureName_newAnimation_15":{"x":823,"y":172,"w":163,"h":167},
		"armatureName_newAnimation_24":{"x":0,"y":222,"w":166,"h":222},
		"armatureName_newAnimation_19":{"x":328,"y":193,"w":164,"h":184},
		"armatureName_newAnimation_21":{"x":166,"y":199,"w":162,"h":199},
		"armatureName_newAnimation_14":{"x":656,"y":516,"w":163,"h":159},
		"armatureName_newAnimation_20":{"x":327,"y":398,"w":163,"h":193},
		"armatureName_newAnimation_05":{"x":491,"y":0,"w":163,"h":184},
		"armatureName_newAnimation_00":{"x":0,"y":0,"w":166,"h":222},
		"armatureName_newAnimation_08":{"x":659,"y":177,"w":164,"h":172}
	}}