{"mc":{
	"d":{
		"frameRate":24,
		"labels":[
			{"name":"dd","frame":1,"end":17}
			
			],
		"events":[
			
			],
		"frames":[
			
			{
			"res":"armatureName_newAnimation_00_png",
			"x":4,
			"y":2
			},
			{
			"res":"armatureName_newAnimation_01_png",
			"x":4,
			"y":2
			},
			{
			"res":"armatureName_newAnimation_02_png",
			"x":3,
			"y":2
			},
			{
			"res":"armatureName_newAnimation_03_png",
			"x":2,
			"y":2
			},
			{
			"res":"armatureName_newAnimation_04_png",
			"x":2,
			"y":2
			},
			{
			"res":"armatureName_newAnimation_05_png",
			"x":1,
			"y":2
			},
			{
			"res":"armatureName_newAnimation_06_png",
			"x":1,
			"y":1
			},
			{
			"res":"armatureName_newAnimation_07_png",
			"x":1,
			"y":1
			},
			{
			"res":"armatureName_newAnimation_08_png",
			"x":1,
			"y":1
			},
			{
			"res":"armatureName_newAnimation_09_png",
			"x":1,
			"y":1
			},
			{
			"res":"armatureName_newAnimation_10_png",
			"x":1,
			"y":1
			},
			{
			"res":"armatureName_newAnimation_11_png",
			"x":1,
			"y":2
			},
			{
			"res":"armatureName_newAnimation_12_png",
			"x":2,
			"y":2
			},
			{
			"res":"armatureName_newAnimation_13_png",
			"x":2,
			"y":2
			},
			{
			"res":"armatureName_newAnimation_14_png",
			"x":3,
			"y":2
			},
			{
			"res":"armatureName_newAnimation_15_png",
			"x":4,
			"y":2
			},
			{
			"res":"armatureName_newAnimation_16_png",
			"x":4,
			"y":2
			}
			]
}},
	"res":{
		"armatureName_newAnimation_03_png":{"x":176,"y":186,"w":176,"h":86},
		"armatureName_newAnimation_02_png":{"x":176,"y":273,"w":175,"h":85},
		"armatureName_newAnimation_16_png":{"x":0,"y":357,"w":173,"h":81},
		"armatureName_newAnimation_05_png":{"x":0,"y":95,"w":176,"h":90},
		"armatureName_newAnimation_09_png":{"x":177,"y":0,"w":177,"h":93},
		"armatureName_newAnimation_12_png":{"x":0,"y":185,"w":176,"h":88},
		"armatureName_newAnimation_06_png":{"x":177,"y":94,"w":176,"h":92},
		"armatureName_newAnimation_10_png":{"x":177,"y":94,"w":176,"h":92},
		"armatureName_newAnimation_14_png":{"x":176,"y":273,"w":175,"h":85},
		"armatureName_newAnimation_01_png":{"x":0,"y":274,"w":174,"h":83},
		"armatureName_newAnimation_04_png":{"x":0,"y":185,"w":176,"h":88},
		"armatureName_newAnimation_08_png":{"x":0,"y":0,"w":176,"h":95},
		"armatureName_newAnimation_07_png":{"x":177,"y":0,"w":177,"h":93},
		"armatureName_newAnimation_11_png":{"x":0,"y":95,"w":176,"h":90},
		"armatureName_newAnimation_00_png":{"x":0,"y":357,"w":173,"h":81},
		"armatureName_newAnimation_13_png":{"x":176,"y":186,"w":176,"h":86},
		"armatureName_newAnimation_15_png":{"x":0,"y":274,"w":174,"h":83}
	}}