{"mc":{
	"dd":{
		"frameRate":24,
		"labels":[
			{"name":"11","frame":1,"end":21}
			
			],
		"events":[
			
			],
		"frames":[
			
			{
			"res":"armatureName_newAnimation_00",
			"x":11,
			"y":0
			},
			{
			"res":"armatureName_newAnimation_01",
			"x":8,
			"y":10
			},
			{
			"res":"armatureName_newAnimation_03",
			"x":6,
			"y":19
			},
			{
			"res":"armatureName_newAnimation_04",
			"x":4,
			"y":28
			},
			{
			"res":"armatureName_newAnimation_05",
			"x":3,
			"y":36
			},
			{
			"res":"armatureName_newAnimation_06",
			"x":2,
			"y":43
			},
			{
			"res":"armatureName_newAnimation_07",
			"x":3,
			"y":49
			},
			{
			"res":"armatureName_newAnimation_08",
			"x":3,
			"y":55
			},
			{
			"res":"armatureName_newAnimation_09",
			"x":4,
			"y":60
			},
			{
			"res":"armatureName_newAnimation_10",
			"x":7,
			"y":65
			},
			{
			"res":"armatureName_newAnimation_11",
			"x":9,
			"y":66
			},
			{
			"res":"armatureName_newAnimation_12",
			"x":7,
			"y":66
			},
			{
			"res":"armatureName_newAnimation_13",
			"x":6,
			"y":65
			},
			{
			"res":"armatureName_newAnimation_14",
			"x":5,
			"y":65
			},
			{
			"res":"armatureName_newAnimation_15",
			"x":4,
			"y":65
			},
			{
			"res":"armatureName_newAnimation_16",
			"x":2,
			"y":65
			},
			{
			"res":"armatureName_newAnimation_17",
			"x":1,
			"y":62
			},
			{
			"res":"armatureName_newAnimation_18",
			"x":1,
			"y":55
			},
			{
			"res":"armatureName_newAnimation_19",
			"x":4,
			"y":44
			},
			{
			"res":"armatureName_newAnimation_20",
			"x":8,
			"y":28
			},
			{
			"res":"armatureName_newAnimation_21",
			"x":11,
			"y":11
			}
			]
}},
	"res":{
		"armatureName_newAnimation_12":{"x":766,"y":317,"w":250,"h":53},
		"armatureName_newAnimation_08":{"x":0,"y":322,"w":254,"h":55},
		"armatureName_newAnimation_00":{"x":0,"y":0,"w":245,"h":118},
		"armatureName_newAnimation_19":{"x":755,"y":191,"w":253,"h":70},
		"armatureName_newAnimation_21":{"x":494,"y":0,"w":245,"h":107},
		"armatureName_newAnimation_16":{"x":765,"y":370,"w":256,"h":48},
		"armatureName_newAnimation_01":{"x":246,"y":0,"w":248,"h":106},
		"armatureName_newAnimation_03":{"x":740,"y":0,"w":251,"h":95},
		"armatureName_newAnimation_17":{"x":508,"y":371,"w":256,"h":49},
		"armatureName_newAnimation_15":{"x":512,"y":262,"w":254,"h":57},
		"armatureName_newAnimation_18":{"x":255,"y":260,"w":256,"h":57},
		"armatureName_newAnimation_10":{"x":765,"y":419,"w":251,"h":46},
		"armatureName_newAnimation_11":{"x":508,"y":319,"w":248,"h":52},
		"armatureName_newAnimation_13":{"x":766,"y":262,"w":252,"h":55},
		"armatureName_newAnimation_04":{"x":246,"y":107,"w":254,"h":84},
		"armatureName_newAnimation_09":{"x":255,"y":374,"w":253,"h":50},
		"armatureName_newAnimation_07":{"x":0,"y":260,"w":255,"h":62},
		"armatureName_newAnimation_05":{"x":500,"y":183,"w":255,"h":75},
		"armatureName_newAnimation_20":{"x":740,"y":95,"w":249,"h":88},
		"armatureName_newAnimation_06":{"x":0,"y":191,"w":255,"h":68},
		"armatureName_newAnimation_14":{"x":255,"y":317,"w":253,"h":56}
	}}