{"mc":{
	"dd":{
		"frameRate":24,
		"labels":[
			{"name":"dd","frame":1,"end":21}
			
			],
		"events":[
			
			],
		"frames":[
			
			{
			"res":"armatureName_newAnimation_00",
			"x":31,
			"y":6
			},
			{
			"res":"armatureName_newAnimation_01",
			"x":26,
			"y":12
			},
			{
			"res":"armatureName_newAnimation_02",
			"x":21,
			"y":16
			},
			{
			"res":"armatureName_newAnimation_03",
			"x":16,
			"y":19
			},
			{
			"res":"armatureName_newAnimation_04",
			"x":12,
			"y":20
			},
			{
			"res":"armatureName_newAnimation_05",
			"x":9,
			"y":22
			},
			{
			"res":"armatureName_newAnimation_06",
			"x":6,
			"y":24
			},
			{
			"res":"armatureName_newAnimation_07",
			"x":5,
			"y":25
			},
			{
			"res":"armatureName_newAnimation_08",
			"x":4,
			"y":27
			},
			{
			"res":"armatureName_newAnimation_09",
			"x":5,
			"y":29
			},
			{
			"res":"armatureName_newAnimation_10",
			"x":6,
			"y":31
			},
			{
			"res":"armatureName_newAnimation_11",
			"x":5,
			"y":29
			},
			{
			"res":"armatureName_newAnimation_12",
			"x":4,
			"y":27
			},
			{
			"res":"armatureName_newAnimation_13",
			"x":5,
			"y":25
			},
			{
			"res":"armatureName_newAnimation_14",
			"x":6,
			"y":24
			},
			{
			"res":"armatureName_newAnimation_15",
			"x":8,
			"y":22
			},
			{
			"res":"armatureName_newAnimation_16",
			"x":12,
			"y":20
			},
			{
			"res":"armatureName_newAnimation_17",
			"x":16,
			"y":18
			},
			{
			"res":"armatureName_newAnimation_18",
			"x":21,
			"y":16
			},
			{
			"res":"armatureName_newAnimation_19",
			"x":26,
			"y":12
			},
			{
			"res":"armatureName_newAnimation_20",
			"x":31,
			"y":6
			}
			]
}},
	"res":{
		"armatureName_newAnimation_12":{"x":741,"y":449,"w":251,"h":80},
		"armatureName_newAnimation_03":{"x":0,"y":104,"w":236,"h":93},
		"armatureName_newAnimation_11":{"x":0,"y":283,"w":252,"h":83},
		"armatureName_newAnimation_16":{"x":704,"y":193,"w":241,"h":87},
		"armatureName_newAnimation_14":{"x":252,"y":283,"w":247,"h":82},
		"armatureName_newAnimation_00":{"x":220,"y":0,"w":219,"h":103},
		"armatureName_newAnimation_05":{"x":497,"y":368,"w":244,"h":85},
		"armatureName_newAnimation_15":{"x":0,"y":366,"w":244,"h":85},
		"armatureName_newAnimation_07":{"x":744,"y":529,"w":249,"h":78},
		"armatureName_newAnimation_02":{"x":665,"y":0,"w":231,"h":95},
		"armatureName_newAnimation_04":{"x":704,"y":281,"w":241,"h":87},
		"armatureName_newAnimation_17":{"x":467,"y":193,"w":236,"h":90},
		"armatureName_newAnimation_18":{"x":236,"y":190,"w":231,"h":93},
		"armatureName_newAnimation_19":{"x":665,"y":96,"w":225,"h":97},
		"armatureName_newAnimation_01":{"x":439,"y":0,"w":225,"h":98},
		"armatureName_newAnimation_06":{"x":245,"y":448,"w":247,"h":81},
		"armatureName_newAnimation_08":{"x":492,"y":529,"w":251,"h":79},
		"armatureName_newAnimation_20":{"x":0,"y":0,"w":219,"h":103},
		"armatureName_newAnimation_09":{"x":245,"y":366,"w":252,"h":82},
		"armatureName_newAnimation_10":{"x":236,"y":104,"w":251,"h":86},
		"armatureName_newAnimation_13":{"x":741,"y":368,"w":250,"h":80}
	}}