{"mc":{
	"dd":{
		"frameRate":24,
		"labels":[
			{"name":"dd","frame":1,"end":21}
			
			],
		"events":[
			
			],
		"frames":[
			
			{
			"res":"armatureName_newAnimation_00",
			"x":30,
			"y":0
			},
			{
			"res":"armatureName_newAnimation_01",
			"x":27,
			"y":5
			},
			{
			"res":"armatureName_newAnimation_02",
			"x":24,
			"y":9
			},
			{
			"res":"armatureName_newAnimation_03",
			"x":21,
			"y":14
			},
			{
			"res":"armatureName_newAnimation_04",
			"x":20,
			"y":20
			},
			{
			"res":"armatureName_newAnimation_05",
			"x":18,
			"y":25
			},
			{
			"res":"armatureName_newAnimation_06",
			"x":11,
			"y":34
			},
			{
			"res":"armatureName_newAnimation_07",
			"x":6,
			"y":41
			},
			{
			"res":"armatureName_newAnimation_08",
			"x":3,
			"y":41
			},
			{
			"res":"armatureName_newAnimation_09",
			"x":3,
			"y":41
			},
			{
			"res":"armatureName_newAnimation_10",
			"x":5,
			"y":42
			},
			{
			"res":"armatureName_newAnimation_11",
			"x":4,
			"y":41
			},
			{
			"res":"armatureName_newAnimation_12",
			"x":4,
			"y":41
			},
			{
			"res":"armatureName_newAnimation_13",
			"x":5,
			"y":41
			},
			{
			"res":"armatureName_newAnimation_14",
			"x":6,
			"y":40
			},
			{
			"res":"armatureName_newAnimation_15",
			"x":9,
			"y":35
			},
			{
			"res":"armatureName_newAnimation_16",
			"x":11,
			"y":27
			},
			{
			"res":"armatureName_newAnimation_17",
			"x":15,
			"y":19
			},
			{
			"res":"armatureName_newAnimation_18",
			"x":19,
			"y":12
			},
			{
			"res":"armatureName_newAnimation_19",
			"x":24,
			"y":5
			},
			{
			"res":"armatureName_newAnimation_20",
			"x":30,
			"y":0
			}
			]
}},
	"res":{
		"armatureName_newAnimation_14":{"x":219,"y":439,"w":231,"h":81},
		"armatureName_newAnimation_13":{"x":451,"y":439,"w":231,"h":80},
		"armatureName_newAnimation_15":{"x":671,"y":350,"w":230,"h":89},
		"armatureName_newAnimation_09":{"x":0,"y":520,"w":234,"h":77},
		"armatureName_newAnimation_20":{"x":0,"y":0,"w":209,"h":135},
		"armatureName_newAnimation_18":{"x":418,"y":129,"w":221,"h":119},
		"armatureName_newAnimation_06":{"x":443,"y":351,"w":226,"h":88},
		"armatureName_newAnimation_03":{"x":0,"y":135,"w":217,"h":114},
		"armatureName_newAnimation_02":{"x":639,"y":129,"w":215,"h":122},
		"armatureName_newAnimation_16":{"x":443,"y":251,"w":228,"h":100},
		"armatureName_newAnimation_00":{"x":209,"y":0,"w":209,"h":135},
		"armatureName_newAnimation_05":{"x":671,"y":251,"w":220,"h":99},
		"armatureName_newAnimation_11":{"x":0,"y":597,"w":233,"h":77},
		"armatureName_newAnimation_10":{"x":233,"y":598,"w":233,"h":75},
		"armatureName_newAnimation_01":{"x":634,"y":0,"w":212,"h":128},
		"armatureName_newAnimation_07":{"x":682,"y":439,"w":230,"h":80},
		"armatureName_newAnimation_19":{"x":418,"y":0,"w":215,"h":128},
		"armatureName_newAnimation_17":{"x":218,"y":248,"w":225,"h":109},
		"armatureName_newAnimation_08":{"x":451,"y":519,"w":234,"h":78},
		"armatureName_newAnimation_04":{"x":0,"y":358,"w":219,"h":107},
		"armatureName_newAnimation_12":{"x":685,"y":519,"w":233,"h":78}
	}}