{"mc":{
	"dd":{
		"frameRate":24,
		"labels":[
			{"name":"dd","frame":1,"end":21}
			
			],
		"events":[
			
			],
		"frames":[
			
			{
			"res":"1_png",
			"x":7,
			"y":4
			},
			{
			"res":"2_png",
			"x":8,
			"y":6
			},
			{
			"res":"3_png",
			"x":9,
			"y":7
			},
			{
			"res":"4_png",
			"x":10,
			"y":8
			},
			{
			"res":"5_png",
			"x":12,
			"y":10
			},
			{
			"res":"6_png",
			"x":9,
			"y":11
			},
			{
			"res":"7_png",
			"x":8,
			"y":12
			},
			{
			"res":"8_png",
			"x":7,
			"y":14
			},
			{
			"res":"9_png",
			"x":7,
			"y":15
			},
			{
			"res":"10_png",
			"x":8,
			"y":16
			},
			{
			"res":"11_png",
			"x":9,
			"y":17
			},
			{
			"res":"12_png",
			"x":9,
			"y":16
			},
			{
			"res":"13_png",
			"x":8,
			"y":15
			},
			{
			"res":"14_png",
			"x":8,
			"y":14
			},
			{
			"res":"15_png",
			"x":7,
			"y":12
			},
			{
			"res":"16_png",
			"x":7,
			"y":11
			},
			{
			"res":"17_png",
			"x":7,
			"y":10
			},
			{
			"res":"18_png",
			"x":7,
			"y":8
			},
			{
			"res":"19_png",
			"x":7,
			"y":7
			},
			{
			"res":"20_png",
			"x":7,
			"y":6
			},
			{
			"res":"21_png",
			"x":7,
			"y":4
			}
			]
}},
	"res":{
		"3_png":{"x":0,"y":100,"w":294,"h":96},
		"6_png":{"x":0,"y":288,"w":294,"h":90},
		"5_png":{"x":297,"y":194,"w":292,"h":92},
		"14_png":{"x":593,"y":463,"w":297,"h":87},
		"2_png":{"x":589,"y":0,"w":294,"h":97},
		"16_png":{"x":297,"y":286,"w":297,"h":90},
		"18_png":{"x":589,"y":98,"w":296,"h":94},
		"4_png":{"x":589,"y":192,"w":293,"h":94},
		"15_png":{"x":594,"y":286,"w":297,"h":88},
		"11_png":{"x":0,"y":549,"w":297,"h":85},
		"9_png":{"x":0,"y":463,"w":298,"h":85},
		"21_png":{"x":0,"y":0,"w":294,"h":100},
		"13_png":{"x":297,"y":550,"w":297,"h":85},
		"10_png":{"x":594,"y":550,"w":298,"h":83},
		"19_png":{"x":294,"y":98,"w":295,"h":96},
		"17_png":{"x":0,"y":196,"w":297,"h":92},
		"12_png":{"x":0,"y":634,"w":297,"h":84},
		"1_png":{"x":0,"y":0,"w":294,"h":100},
		"20_png":{"x":294,"y":0,"w":295,"h":97},
		"8_png":{"x":295,"y":376,"w":298,"h":87},
		"7_png":{"x":594,"y":374,"w":296,"h":88}
	}}