{"mc":{
	"0":{
		"frameRate":24,
		"labels":[
			{"name":"00","frame":1,"end":21}
			
			],
		"events":[
			
			],
		"frames":[
			
			{
			"res":"1",
			"x":2,
			"y":63
			},
			{
			"res":"2",
			"x":2,
			"y":56
			},
			{
			"res":"3",
			"x":2,
			"y":50
			},
			{
			"res":"4",
			"x":3,
			"y":43
			},
			{
			"res":"5",
			"x":5,
			"y":37
			},
			{
			"res":"6",
			"x":7,
			"y":31
			},
			{
			"res":"7",
			"x":10,
			"y":24
			},
			{
			"res":"8",
			"x":13,
			"y":18
			},
			{
			"res":"9",
			"x":17,
			"y":13
			},
			{
			"res":"10",
			"x":21,
			"y":7
			},
			{
			"res":"11",
			"x":25,
			"y":1
			},
			{
			"res":"12",
			"x":21,
			"y":6
			},
			{
			"res":"13",
			"x":17,
			"y":12
			},
			{
			"res":"14",
			"x":13,
			"y":18
			},
			{
			"res":"15",
			"x":10,
			"y":24
			},
			{
			"res":"16",
			"x":7,
			"y":30
			},
			{
			"res":"17",
			"x":5,
			"y":36
			},
			{
			"res":"18",
			"x":3,
			"y":43
			},
			{
			"res":"19",
			"x":2,
			"y":49
			},
			{
			"res":"20",
			"x":2,
			"y":56
			},
			{
			"res":"21",
			"x":2,
			"y":62
			}
			]
}},
	"res":{
		"1":{"x":0,"y":1043,"w":543,"h":255},
		"2":{"x":0,"y":264,"w":539,"h":259},
		"3":{"x":1065,"y":0,"w":535,"h":261},
		"4":{"x":0,"y":523,"w":530,"h":263},
		"5":{"x":1064,"y":523,"w":524,"h":265},
		"6":{"x":543,"y":797,"w":517,"h":266},
		"7":{"x":1061,"y":789,"w":511,"h":268},
		"8":{"x":543,"y":1064,"w":503,"h":269},
		"9":{"x":1541,"y":1333,"w":494,"h":269},
		"10":{"x":0,"y":1567,"w":485,"h":269},
		"11":{"x":1571,"y":1057,"w":475,"h":268},
		"12":{"x":503,"y":1333,"w":485,"h":269},
		"13":{"x":1047,"y":1325,"w":494,"h":269},
		"14":{"x":0,"y":1298,"w":503,"h":269},
		"15":{"x":1061,"y":1057,"w":510,"h":268},
		"16":{"x":543,"y":530,"w":517,"h":267},
		"17":{"x":540,"y":264,"w":524,"h":266},
		"18":{"x":535,"y":0,"w":530,"h":264},
		"19":{"x":0,"y":0,"w":534,"h":262},
		"20":{"x":1065,"y":262,"w":539,"h":259},
		"21":{"x":0,"y":787,"w":542,"h":256}
	}}