{"mc":{
	"dd":{
		"frameRate":24,
		"labels":[
			{"name":"d","frame":1,"end":6}
			
			],
		"events":[
			
			],
		"frames":[
			
			{
			"res":"1_png",
			"x":5,
			"y":1
			},
			{
			"res":"2_png",
			"x":4,
			"y":1
			},
			{
			"res":"3_png",
			"x":3,
			"y":1
			},
			{
			"res":"4_png",
			"x":2,
			"y":4
			},
			{
			"res":"5_png",
			"x":4,
			"y":2
			},
			{
			"res":"6_png",
			"x":5,
			"y":1
			}
			]
}},
	"res":{
		"5_png":{"x":0,"y":234,"w":167,"h":57},
		"2_png":{"x":0,"y":118,"w":167,"h":58},
		"3_png":{"x":0,"y":177,"w":168,"h":57},
		"4_png":{"x":0,"y":292,"w":168,"h":54},
		"1_png":{"x":0,"y":59,"w":165,"h":59},
		"6_png":{"x":0,"y":0,"w":165,"h":59}
	}}