{"mc":{
	"0":{
		"frameRate":24,
		"labels":[
			{"name":"ss","frame":1,"end":21}
			
			],
		"events":[
			
			],
		"frames":[
			
			{
			"res":"1",
			"x":15,
			"y":3
			},
			{
			"res":"2",
			"x":11,
			"y":3
			},
			{
			"res":"3",
			"x":7,
			"y":3
			},
			{
			"res":"4",
			"x":5,
			"y":3
			},
			{
			"res":"5",
			"x":4,
			"y":3
			},
			{
			"res":"6",
			"x":3,
			"y":4
			},
			{
			"res":"7",
			"x":3,
			"y":3
			},
			{
			"res":"8",
			"x":6,
			"y":3
			},
			{
			"res":"9",
			"x":12,
			"y":3
			},
			{
			"res":"10",
			"x":21,
			"y":3
			},
			{
			"res":"11",
			"x":32,
			"y":3
			},
			{
			"res":"12",
			"x":23,
			"y":6
			},
			{
			"res":"13",
			"x":15,
			"y":9
			},
			{
			"res":"14",
			"x":10,
			"y":11
			},
			{
			"res":"15",
			"x":6,
			"y":13
			},
			{
			"res":"16",
			"x":3,
			"y":16
			},
			{
			"res":"17",
			"x":3,
			"y":18
			},
			{
			"res":"18",
			"x":4,
			"y":15
			},
			{
			"res":"19",
			"x":6,
			"y":11
			},
			{
			"res":"20",
			"x":10,
			"y":6
			},
			{
			"res":"21",
			"x":15,
			"y":3
			}
			]
}},
	"res":{
		"1":{"x":477,"y":0,"w":497,"h":177},
		"2":{"x":1472,"y":0,"w":501,"h":174},
		"3":{"x":1472,"y":175,"w":504,"h":172},
		"4":{"x":477,"y":177,"w":506,"h":170},
		"5":{"x":1471,"y":348,"w":507,"h":167},
		"6":{"x":503,"y":518,"w":505,"h":162},
		"7":{"x":0,"y":681,"w":508,"h":159},
		"8":{"x":0,"y":840,"w":501,"h":154},
		"9":{"x":0,"y":995,"w":496,"h":154},
		"10":{"x":1471,"y":516,"w":487,"h":174},
		"11":{"x":0,"y":0,"w":477,"h":192},
		"12":{"x":984,"y":177,"w":486,"h":175},
		"13":{"x":0,"y":519,"w":494,"h":157},
		"14":{"x":1522,"y":690,"w":500,"h":148},
		"15":{"x":1017,"y":690,"w":505,"h":150},
		"16":{"x":502,"y":993,"w":508,"h":151},
		"17":{"x":509,"y":840,"w":513,"h":153},
		"18":{"x":509,"y":681,"w":507,"h":159},
		"19":{"x":503,"y":353,"w":504,"h":164},
		"20":{"x":0,"y":348,"w":502,"h":171},
		"21":{"x":975,"y":0,"w":497,"h":177}
	}}