{"mc":{
	"dd":{
		"frameRate":24,
		"labels":[
			{"name":"110","frame":1,"end":6}
			
			],
		"events":[
			
			],
		"frames":[
			
			{
			"res":"1_png",
			"x":11,
			"y":53
			},
			{
			"res":"2_png",
			"x":11,
			"y":50
			},
			{
			"res":"3_png",
			"x":11,
			"y":46
			},
			{
			"res":"4_png",
			"x":6,
			"y":51
			},
			{
			"res":"5_png",
			"x":8,
			"y":52
			},
			{
			"res":"6_png",
			"x":11,
			"y":53
			}
			]
}},
	"res":{
		"4_png":{"x":0,"y":749,"w":456,"h":183},
		"3_png":{"x":0,"y":188,"w":451,"h":188},
		"6_png":{"x":0,"y":376,"w":451,"h":187},
		"5_png":{"x":0,"y":563,"w":453,"h":186},
		"1_png":{"x":0,"y":376,"w":451,"h":187},
		"2_png":{"x":0,"y":0,"w":451,"h":188}
	}}