{"mc":{
	"dd":{
		"frameRate":24,
		"labels":[
			{"name":"dd","frame":1,"end":21}
			
			],
		"events":[
			
			],
		"frames":[
			
			{
			"res":"1_png",
			"x":11,
			"y":53
			},
			{
			"res":"2_png",
			"x":11,
			"y":50
			},
			{
			"res":"3_png",
			"x":11,
			"y":46
			},
			{
			"res":"4_png",
			"x":13,
			"y":42
			},
			{
			"res":"5_png",
			"x":14,
			"y":39
			},
			{
			"res":"6_png",
			"x":16,
			"y":36
			},
			{
			"res":"7_png",
			"x":8,
			"y":32
			},
			{
			"res":"8_png",
			"x":3,
			"y":29
			},
			{
			"res":"9_png",
			"x":3,
			"y":27
			},
			{
			"res":"10_png",
			"x":7,
			"y":25
			},
			{
			"res":"11_png",
			"x":15,
			"y":23
			},
			{
			"res":"12_png",
			"x":11,
			"y":24
			},
			{
			"res":"13_png",
			"x":9,
			"y":7
			},
			{
			"res":"14_png",
			"x":7,
			"y":34
			},
			{
			"res":"15_png",
			"x":5,
			"y":47
			},
			{
			"res":"16_png",
			"x":4,
			"y":48
			},
			{
			"res":"17_png",
			"x":5,
			"y":49
			},
			{
			"res":"18_png",
			"x":5,
			"y":50
			},
			{
			"res":"19_png",
			"x":6,
			"y":51
			},
			{
			"res":"20_png",
			"x":8,
			"y":52
			},
			{
			"res":"21_png",
			"x":11,
			"y":53
			}
			]
}},
	"res":{
		"8_png":{"x":454,"y":376,"w":458,"h":183},
		"18_png":{"x":446,"y":743,"w":457,"h":180},
		"7_png":{"x":0,"y":200,"w":454,"h":185},
		"16_png":{"x":0,"y":923,"w":457,"h":174},
		"10_png":{"x":1360,"y":919,"w":453,"h":177},
		"4_png":{"x":897,"y":188,"w":449,"h":188},
		"15_png":{"x":0,"y":1097,"w":456,"h":170},
		"1_png":{"x":1347,"y":188,"w":451,"h":187},
		"19_png":{"x":448,"y":559,"w":456,"h":183},
		"6_png":{"x":0,"y":573,"w":446,"h":186},
		"21_png":{"x":1347,"y":188,"w":451,"h":187},
		"12_png":{"x":904,"y":561,"w":449,"h":185},
		"2_png":{"x":897,"y":0,"w":451,"h":188},
		"14_png":{"x":1353,"y":741,"w":454,"h":178},
		"17_png":{"x":903,"y":919,"w":457,"h":177},
		"5_png":{"x":0,"y":386,"w":447,"h":187},
		"11_png":{"x":452,"y":0,"w":445,"h":192},
		"13_png":{"x":0,"y":0,"w":452,"h":200},
		"3_png":{"x":1348,"y":0,"w":451,"h":188},
		"9_png":{"x":1353,"y":561,"w":458,"h":180},
		"20_png":{"x":1347,"y":375,"w":453,"h":186}
	}}