{"mc":{
	"dd":{
		"frameRate":24,
		"labels":[
			{"name":"dd","frame":1,"end":25}
			
			],
		"events":[
			
			],
		"frames":[
			
			{
			"res":"1_png",
			"x":78,
			"y":4
			},
			{
			"res":"2_png",
			"x":71,
			"y":7
			},
			{
			"res":"3_png",
			"x":65,
			"y":7
			},
			{
			"res":"4_png",
			"x":58,
			"y":8
			},
			{
			"res":"5_png",
			"x":52,
			"y":9
			},
			{
			"res":"6_png",
			"x":45,
			"y":9
			},
			{
			"res":"7_png",
			"x":39,
			"y":10
			},
			{
			"res":"8_png",
			"x":32,
			"y":11
			},
			{
			"res":"9_png",
			"x":26,
			"y":9
			},
			{
			"res":"10_png",
			"x":19,
			"y":7
			},
			{
			"res":"11_png",
			"x":13,
			"y":5
			},
			{
			"res":"12_png",
			"x":6,
			"y":3
			},
			{
			"res":"13_png",
			"x":0,
			"y":1
			},
			{
			"res":"14_png",
			"x":6,
			"y":3
			},
			{
			"res":"15_png",
			"x":13,
			"y":5
			},
			{
			"res":"16_png",
			"x":19,
			"y":7
			},
			{
			"res":"17_png",
			"x":26,
			"y":9
			},
			{
			"res":"18_png",
			"x":32,
			"y":11
			},
			{
			"res":"19_png",
			"x":39,
			"y":10
			},
			{
			"res":"20_png",
			"x":45,
			"y":9
			},
			{
			"res":"21_png",
			"x":52,
			"y":9
			},
			{
			"res":"22_png",
			"x":58,
			"y":8
			},
			{
			"res":"23_png",
			"x":65,
			"y":7
			},
			{
			"res":"24_png",
			"x":71,
			"y":7
			},
			{
			"res":"25_png",
			"x":78,
			"y":4
			}
			]
}},
	"res":{
		"24_png":{"x":1692,"y":404,"w":356,"h":174},
		"22_png":{"x":1614,"y":782,"w":371,"h":183},
		"16_png":{"x":877,"y":212,"w":419,"h":208},
		"3_png":{"x":799,"y":799,"w":363,"h":177},
		"20_png":{"x":831,"y":608,"w":387,"h":191},
		"19_png":{"x":1297,"y":404,"w":395,"h":195},
		"1_png":{"x":1162,"y":1140,"w":348,"h":170},
		"6_png":{"x":0,"y":623,"w":387,"h":185},
		"8_png":{"x":831,"y":420,"w":403,"h":187},
		"2_png":{"x":1162,"y":967,"w":356,"h":173},
		"18_png":{"x":0,"y":425,"w":403,"h":198},
		"15_png":{"x":1312,"y":0,"w":427,"h":213},
		"21_png":{"x":1235,"y":599,"w":379,"h":187},
		"23_png":{"x":1590,"y":966,"w":363,"h":179},
		"12_png":{"x":877,"y":0,"w":435,"h":211},
		"11_png":{"x":442,"y":217,"w":427,"h":202},
		"9_png":{"x":1297,"y":213,"w":411,"h":191},
		"13_png":{"x":0,"y":0,"w":442,"h":221},
		"5_png":{"x":1614,"y":599,"w":379,"h":183},
		"14_png":{"x":442,"y":0,"w":435,"h":217},
		"7_png":{"x":404,"y":613,"w":395,"h":186},
		"17_png":{"x":0,"y":221,"w":411,"h":203},
		"25_png":{"x":1162,"y":1140,"w":348,"h":170},
		"4_png":{"x":1219,"y":787,"w":371,"h":180},
		"10_png":{"x":412,"y":420,"w":419,"h":193}
	}}