{"mc":{
	"ddd":{
		"frameRate":24,
		"labels":[
			{"name":"dd","frame":1,"end":6}
			
			],
		"events":[
			
			],
		"frames":[
			
			{
			"res":"1_png",
			"x":78,
			"y":4
			},
			{
			"res":"2_png",
			"x":71,
			"y":7
			},
			{
			"res":"3_png",
			"x":65,
			"y":7
			},
			{
			"res":"4_png",
			"x":65,
			"y":7
			},
			{
			"res":"5_png",
			"x":71,
			"y":7
			},
			{
			"res":"6_png",
			"x":78,
			"y":4
			}
			]
}},
	"res":{
		"1_png":{"x":0,"y":704,"w":348,"h":170},
		"2_png":{"x":0,"y":530,"w":356,"h":173},
		"3_png":{"x":0,"y":179,"w":363,"h":177},
		"6_png":{"x":0,"y":704,"w":348,"h":170},
		"4_png":{"x":0,"y":0,"w":363,"h":179},
		"5_png":{"x":0,"y":356,"w":356,"h":174}
	}}