{"mc":{
	"ddd":{
		"frameRate":24,
		"labels":[
			{"name":"ddd","frame":1,"end":6}
			
			],
		"events":[
			
			],
		"frames":[
			
			{
			"res":"1_png",
			"x":35,
			"y":0
			},
			{
			"res":"2_png",
			"x":21,
			"y":3
			},
			{
			"res":"3_png",
			"x":12,
			"y":5
			},
			{
			"res":"4_png",
			"x":12,
			"y":5
			},
			{
			"res":"5_png",
			"x":22,
			"y":3
			},
			{
			"res":"6_png",
			"x":35,
			"y":0
			}
			]
}},
	"res":{
		"5_png":{"x":0,"y":534,"w":499,"h":174},
		"3_png":{"x":0,"y":0,"w":510,"h":175},
		"4_png":{"x":0,"y":708,"w":509,"h":168},
		"2_png":{"x":0,"y":176,"w":500,"h":178},
		"6_png":{"x":0,"y":354,"w":487,"h":180},
		"1_png":{"x":0,"y":354,"w":487,"h":180}
	}}