{"mc":{
	"ddd":{
		"frameRate":24,
		"labels":[
			{"name":"ddd","frame":1,"end":25}
			
			],
		"events":[
			
			],
		"frames":[
			
			{
			"res":"1_png",
			"x":35,
			"y":0
			},
			{
			"res":"2_png",
			"x":21,
			"y":3
			},
			{
			"res":"3_png",
			"x":12,
			"y":5
			},
			{
			"res":"4_png",
			"x":7,
			"y":7
			},
			{
			"res":"5_png",
			"x":9,
			"y":10
			},
			{
			"res":"6_png",
			"x":14,
			"y":12
			},
			{
			"res":"7_png",
			"x":24,
			"y":14
			},
			{
			"res":"8_png",
			"x":39,
			"y":16
			},
			{
			"res":"9_png",
			"x":43,
			"y":18
			},
			{
			"res":"10_png",
			"x":48,
			"y":19
			},
			{
			"res":"11_png",
			"x":54,
			"y":20
			},
			{
			"res":"12_png",
			"x":64,
			"y":21
			},
			{
			"res":"13_png",
			"x":76,
			"y":22
			},
			{
			"res":"14_png",
			"x":62,
			"y":21
			},
			{
			"res":"15_png",
			"x":50,
			"y":20
			},
			{
			"res":"16_png",
			"x":36,
			"y":19
			},
			{
			"res":"17_png",
			"x":23,
			"y":18
			},
			{
			"res":"18_png",
			"x":13,
			"y":16
			},
			{
			"res":"19_png",
			"x":6,
			"y":14
			},
			{
			"res":"20_png",
			"x":3,
			"y":12
			},
			{
			"res":"21_png",
			"x":3,
			"y":10
			},
			{
			"res":"22_png",
			"x":6,
			"y":7
			},
			{
			"res":"23_png",
			"x":12,
			"y":5
			},
			{
			"res":"24_png",
			"x":22,
			"y":3
			},
			{
			"res":"25_png",
			"x":35,
			"y":0
			}
			]
}},
	"res":{
		"9_png":{"x":977,"y":0,"w":476,"h":224},
		"22_png":{"x":469,"y":978,"w":515,"h":162},
		"4_png":{"x":1463,"y":395,"w":514,"h":173},
		"3_png":{"x":953,"y":395,"w":510,"h":175},
		"12_png":{"x":465,"y":617,"w":454,"h":192},
		"17_png":{"x":1435,"y":747,"w":496,"h":173},
		"18_png":{"x":0,"y":810,"w":507,"h":168},
		"8_png":{"x":0,"y":0,"w":481,"h":234},
		"19_png":{"x":985,"y":1088,"w":515,"h":161},
		"16_png":{"x":952,"y":745,"w":483,"h":178},
		"21_png":{"x":1500,"y":1088,"w":518,"h":155},
		"7_png":{"x":481,"y":0,"w":496,"h":222},
		"14_png":{"x":0,"y":438,"w":456,"h":182},
		"1_png":{"x":465,"y":437,"w":487,"h":180},
		"5_png":{"x":1454,"y":207,"w":512,"h":188},
		"23_png":{"x":1435,"y":920,"w":509,"h":168},
		"2_png":{"x":1463,"y":569,"w":500,"h":178},
		"20_png":{"x":1500,"y":1244,"w":518,"h":153},
		"13_png":{"x":0,"y":620,"w":442,"h":181},
		"6_png":{"x":1454,"y":0,"w":506,"h":206},
		"10_png":{"x":481,"y":223,"w":471,"h":214},
		"11_png":{"x":0,"y":235,"w":464,"h":203},
		"15_png":{"x":0,"y":978,"w":469,"h":181},
		"24_png":{"x":952,"y":571,"w":499,"h":174},
		"25_png":{"x":465,"y":437,"w":487,"h":180}
	}}