{"mc":{
	"ddd":{
		"frameRate":24,
		"labels":[
			{"name":"aaa","frame":1,"end":6}
			
			],
		"events":[
			
			],
		"frames":[
			
			{
			"res":"1_png",
			"x":0,
			"y":0
			},
			{
			"res":"2_png",
			"x":1,
			"y":0
			},
			{
			"res":"3_png",
			"x":2,
			"y":0
			},
			{
			"res":"4_png",
			"x":2,
			"y":0
			},
			{
			"res":"5_png",
			"x":1,
			"y":0
			},
			{
			"res":"6_png",
			"x":0,
			"y":0
			}
			]
}},
	"res":{
		"6_png":{"x":0,"y":0,"w":278,"h":121},
		"2_png":{"x":0,"y":121,"w":278,"h":119},
		"4_png":{"x":0,"y":240,"w":277,"h":117},
		"1_png":{"x":0,"y":0,"w":278,"h":121},
		"3_png":{"x":0,"y":240,"w":277,"h":117},
		"5_png":{"x":0,"y":121,"w":278,"h":119}
	}}