{"mc":{
	"dd":{
		"frameRate":24,
		"labels":[
			{"name":"11","frame":1,"end":17}
			
			],
		"events":[
			
			],
		"frames":[
			
			{
			"res":"1_png",
			"x":0,
			"y":0
			},
			{
			"res":"2_png",
			"x":1,
			"y":0
			},
			{
			"res":"3_png",
			"x":2,
			"y":0
			},
			{
			"res":"4_png",
			"x":2,
			"y":0
			},
			{
			"res":"5_png",
			"x":3,
			"y":0
			},
			{
			"res":"6_png",
			"x":3,
			"y":0
			},
			{
			"res":"7_png",
			"x":3,
			"y":0
			},
			{
			"res":"8_png",
			"x":4,
			"y":0
			},
			{
			"res":"9_png",
			"x":4,
			"y":0
			},
			{
			"res":"10_png",
			"x":4,
			"y":0
			},
			{
			"res":"11_png",
			"x":3,
			"y":0
			},
			{
			"res":"12_png",
			"x":3,
			"y":0
			},
			{
			"res":"13_png",
			"x":3,
			"y":0
			},
			{
			"res":"14_png",
			"x":2,
			"y":0
			},
			{
			"res":"15_png",
			"x":2,
			"y":0
			},
			{
			"res":"16_png",
			"x":1,
			"y":0
			},
			{
			"res":"17_png",
			"x":0,
			"y":0
			}
			]
}},
	"res":{
		"8_png":{"x":277,"y":234,"w":275,"h":112},
		"13_png":{"x":279,"y":119,"w":276,"h":114},
		"6_png":{"x":0,"y":121,"w":276,"h":114},
		"16_png":{"x":279,"y":0,"w":278,"h":119},
		"9_png":{"x":277,"y":346,"w":275,"h":112},
		"2_png":{"x":279,"y":0,"w":278,"h":119},
		"1_png":{"x":0,"y":0,"w":278,"h":121},
		"4_png":{"x":557,"y":118,"w":277,"h":115},
		"17_png":{"x":0,"y":0,"w":278,"h":121},
		"10_png":{"x":277,"y":234,"w":275,"h":112},
		"5_png":{"x":279,"y":119,"w":276,"h":114},
		"3_png":{"x":557,"y":0,"w":277,"h":117},
		"11_png":{"x":555,"y":233,"w":276,"h":113},
		"7_png":{"x":555,"y":233,"w":276,"h":113},
		"15_png":{"x":557,"y":0,"w":277,"h":117},
		"12_png":{"x":0,"y":121,"w":276,"h":114},
		"14_png":{"x":557,"y":118,"w":277,"h":115}
	}}