{"mc":{
	"114":{
		"frameRate":8,
		"labels":[
			{"name":"idle","frame":1,"end":6}
			
			],
		"events":[
			
			],
		"frames":[
			
			{
			"res":"1_png",
			"x":33,
			"y":0
			},
			{
			"res":"2_png",
			"x":25,
			"y":4
			},
			{
			"res":"3_png",
			"x":19,
			"y":9
			},
			{
			"res":"4_png",
			"x":19,
			"y":9
			},
			{
			"res":"5_png",
			"x":25,
			"y":4
			},
			{
			"res":"6_png",
			"x":33,
			"y":0
			}
			]
}},
	"res":{
		"1_png":{"x":652,"y":232,"w":318,"h":226},
		"2_png":{"x":661,"y":0,"w":327,"h":231},
		"3_png":{"x":0,"y":0,"w":333,"h":233},
		"6_png":{"x":334,"y":232,"w":318,"h":226},
		"5_png":{"x":334,"y":0,"w":327,"h":231},
		"4_png":{"x":0,"y":233,"w":333,"h":233}
	}}