{"mc":{
	"move":{
		"frameRate":24,
		"labels":[
			{"name":"move","frame":1,"end":21}
			
			],
		"events":[
			
			],
		"frames":[
			
			{
			"res":"1_png",
			"x":33,
			"y":0
			},
			{
			"res":"2_png",
			"x":25,
			"y":4
			},
			{
			"res":"3_png",
			"x":19,
			"y":9
			},
			{
			"res":"4_png",
			"x":14,
			"y":17
			},
			{
			"res":"5_png",
			"x":10,
			"y":23
			},
			{
			"res":"6_png",
			"x":7,
			"y":21
			},
			{
			"res":"7_png",
			"x":6,
			"y":18
			},
			{
			"res":"8_png",
			"x":6,
			"y":15
			},
			{
			"res":"9_png",
			"x":7,
			"y":13
			},
			{
			"res":"10_png",
			"x":11,
			"y":10
			},
			{
			"res":"11_png",
			"x":15,
			"y":7
			},
			{
			"res":"12_png",
			"x":11,
			"y":10
			},
			{
			"res":"13_png",
			"x":7,
			"y":13
			},
			{
			"res":"14_png",
			"x":6,
			"y":15
			},
			{
			"res":"15_png",
			"x":6,
			"y":18
			},
			{
			"res":"16_png",
			"x":7,
			"y":21
			},
			{
			"res":"17_png",
			"x":10,
			"y":23
			},
			{
			"res":"18_png",
			"x":14,
			"y":17
			},
			{
			"res":"19_png",
			"x":19,
			"y":9
			},
			{
			"res":"20_png",
			"x":25,
			"y":4
			},
			{
			"res":"21_png",
			"x":33,
			"y":0
			}
			]
}},
	"res":{
		"4_png":{"x":1029,"y":469,"w":338,"h":231},
		"14_png":{"x":0,"y":488,"w":346,"h":242},
		"12_png":{"x":345,"y":0,"w":341,"h":244},
		"17_png":{"x":1032,"y":0,"w":342,"h":229},
		"16_png":{"x":347,"y":727,"w":345,"h":235},
		"7_png":{"x":345,"y":244,"w":346,"h":239},
		"8_png":{"x":0,"y":731,"w":346,"h":242},
		"21_png":{"x":1693,"y":0,"w":318,"h":226},
		"6_png":{"x":684,"y":483,"w":345,"h":235},
		"20_png":{"x":1701,"y":461,"w":327,"h":231},
		"9_png":{"x":0,"y":244,"w":345,"h":244},
		"3_png":{"x":1367,"y":230,"w":333,"h":233},
		"15_png":{"x":686,"y":0,"w":346,"h":239},
		"18_png":{"x":692,"y":718,"w":338,"h":231},
		"13_png":{"x":0,"y":0,"w":345,"h":244},
		"1_png":{"x":1375,"y":0,"w":318,"h":226},
		"5_png":{"x":691,"y":239,"w":342,"h":229},
		"2_png":{"x":1701,"y":230,"w":327,"h":231},
		"19_png":{"x":1034,"y":230,"w":333,"h":233},
		"10_png":{"x":345,"y":0,"w":341,"h":244},
		"11_png":{"x":347,"y":483,"w":337,"h":244}
	}}