{"mc":{
	"d":{
		"frameRate":24,
		"labels":[
			{"name":"dd","frame":1,"end":21}
			
			],
		"events":[
			
			],
		"frames":[
			
			{
			"res":"armatureName_newAnimation_00",
			"x":19,
			"y":3
			},
			{
			"res":"armatureName_newAnimation_01",
			"x":18,
			"y":4
			},
			{
			"res":"armatureName_newAnimation_02",
			"x":16,
			"y":4
			},
			{
			"res":"armatureName_newAnimation_03",
			"x":14,
			"y":4
			},
			{
			"res":"armatureName_newAnimation_04",
			"x":12,
			"y":4
			},
			{
			"res":"armatureName_newAnimation_05",
			"x":10,
			"y":4
			},
			{
			"res":"armatureName_newAnimation_06",
			"x":9,
			"y":5
			},
			{
			"res":"armatureName_newAnimation_07",
			"x":7,
			"y":4
			},
			{
			"res":"armatureName_newAnimation_08",
			"x":5,
			"y":4
			},
			{
			"res":"armatureName_newAnimation_09",
			"x":4,
			"y":5
			},
			{
			"res":"armatureName_newAnimation_10",
			"x":2,
			"y":5
			},
			{
			"res":"armatureName_newAnimation_11",
			"x":4,
			"y":5
			},
			{
			"res":"armatureName_newAnimation_12",
			"x":5,
			"y":4
			},
			{
			"res":"armatureName_newAnimation_13",
			"x":7,
			"y":4
			},
			{
			"res":"armatureName_newAnimation_14",
			"x":9,
			"y":5
			},
			{
			"res":"armatureName_newAnimation_15",
			"x":10,
			"y":4
			},
			{
			"res":"armatureName_newAnimation_16",
			"x":12,
			"y":4
			},
			{
			"res":"armatureName_newAnimation_17",
			"x":14,
			"y":4
			},
			{
			"res":"armatureName_newAnimation_18",
			"x":16,
			"y":4
			},
			{
			"res":"armatureName_newAnimation_19",
			"x":18,
			"y":4
			},
			{
			"res":"armatureName_newAnimation_20",
			"x":19,
			"y":3
			}
			]
}},
	"res":{
		"armatureName_newAnimation_03":{"x":498,"y":625,"w":486,"h":645},
		"armatureName_newAnimation_11":{"x":984,"y":652,"w":516,"h":603},
		"armatureName_newAnimation_18":{"x":996,"y":0,"w":479,"h":652},
		"armatureName_newAnimation_20":{"x":1021,"y":1255,"w":466,"h":663},
		"armatureName_newAnimation_13":{"x":0,"y":1272,"w":508,"h":618},
		"armatureName_newAnimation_15":{"x":0,"y":639,"w":497,"h":632},
		"armatureName_newAnimation_04":{"x":0,"y":0,"w":492,"h":639},
		"armatureName_newAnimation_19":{"x":1500,"y":625,"w":472,"h":658},
		"armatureName_newAnimation_08":{"x":508,"y":1271,"w":512,"h":611},
		"armatureName_newAnimation_02":{"x":996,"y":0,"w":479,"h":652},
		"armatureName_newAnimation_01":{"x":1500,"y":625,"w":472,"h":658},
		"armatureName_newAnimation_07":{"x":0,"y":1272,"w":508,"h":618},
		"armatureName_newAnimation_14":{"x":493,"y":0,"w":503,"h":625},
		"armatureName_newAnimation_12":{"x":508,"y":1271,"w":512,"h":611},
		"armatureName_newAnimation_00":{"x":1021,"y":1255,"w":466,"h":663},
		"armatureName_newAnimation_09":{"x":984,"y":652,"w":516,"h":603},
		"armatureName_newAnimation_05":{"x":0,"y":639,"w":497,"h":632},
		"armatureName_newAnimation_17":{"x":498,"y":625,"w":486,"h":645},
		"armatureName_newAnimation_16":{"x":0,"y":0,"w":492,"h":639},
		"armatureName_newAnimation_10":{"x":1475,"y":0,"w":519,"h":596},
		"armatureName_newAnimation_06":{"x":493,"y":0,"w":503,"h":625}
	}}