{"file":"loginPanel.png","frames":{
"backpack_heidi":{"x":669,"y":205,"w":178,"h":205,"offX":0,"offY":0,"sourceW":178,"sourceH":205},
"common_bg5":{"x":1,"y":466,"w":176,"h":162,"offX":0,"offY":0,"sourceW":176,"sourceH":162},
"common_biaotitou":{"x":1,"y":395,"w":499,"h":67,"offX":0,"offY":0,"sourceW":499,"sourceH":67},
"common_dikuang":{"x":873,"y":1,"w":100,"h":100,"offX":0,"offY":0,"sourceW":100,"sourceH":100},
"common_dikuang2":{"x":669,"y":1,"w":200,"h":200,"offX":0,"offY":0,"sourceW":200,"sourceH":200},
"common_guanbi":{"x":873,"y":199,"w":84,"h":84,"offX":1,"offY":0,"sourceW":85,"sourceH":85},
"common_title_bg":{"x":851,"y":287,"w":163,"h":42,"offX":0,"offY":0,"sourceW":163,"sourceH":42},
"dikuang4":{"x":873,"y":105,"w":90,"h":90,"offX":0,"offY":0,"sourceW":90,"sourceH":90},
"login_bg":{"x":1,"y":1,"w":664,"h":390,"offX":0,"offY":0,"sourceW":664,"sourceH":390},
"point":{"x":967,"y":159,"w":22,"h":22,"offX":0,"offY":0,"sourceW":22,"sourceH":22},
"serverlist_goukunag":{"x":977,"y":1,"w":41,"h":41,"offX":0,"offY":0,"sourceW":41,"sourceH":41},
"serverlist_goukunag2":{"x":977,"y":46,"w":41,"h":41,"offX":0,"offY":0,"sourceW":41,"sourceH":41},
"serverlist_ui_denglu_kuang":{"x":857,"y":333,"w":79,"h":88,"offX":0,"offY":0,"sourceW":79,"sourceH":88},
"ui_denglu_anniu":{"x":504,"y":414,"w":349,"h":82,"offX":0,"offY":0,"sourceW":349,"sourceH":82},
"ui_fwq_bg3":{"x":967,"y":105,"w":52,"h":50,"offX":0,"offY":0,"sourceW":52,"sourceH":50},
"ui_fwq_bg5":{"x":181,"y":466,"w":176,"h":162,"offX":0,"offY":0,"sourceW":176,"sourceH":162}}}