{
	"skins": {
		"eui.Button": "resource/eui_skins/ButtonSkin.exml",
		"eui.CheckBox": "resource/eui_skins/CheckBoxSkin.exml",
		"eui.HScrollBar": "resource/eui_skins/HScrollBarSkin.exml",
		"eui.HSlider": "resource/eui_skins/HSliderSkin.exml",
		"eui.Panel": "resource/eui_skins/PanelSkin.exml",
		"eui.TextInput": "resource/eui_skins/TextInputSkin.exml",
		"eui.ProgressBar": "resource/eui_skins/ProgressBarSkin.exml",
		"eui.RadioButton": "resource/eui_skins/RadioButtonSkin.exml",
		"eui.Scroller": "resource/eui_skins/ScrollerSkin.exml",
		"eui.ToggleSwitch": "resource/eui_skins/ToggleSwitchSkin.exml",
		"eui.VScrollBar": "resource/eui_skins/VScrollBarSkin.exml",
		"eui.VSlider": "resource/eui_skins/VSliderSkin.exml",
		"eui.ItemRenderer": "resource/eui_skins/ItemRendererSkin.exml"
	},
	"autoGenerateExmlsList": true,
	"exmls": [
		"resource/custom_skin/PanelBg.exml",
		"resource/custom_skin/PanelPopBg.exml",
		"resource/eui_skins/ButtonSkin.exml",
		"resource/eui_skins/CheckBoxSkin.exml",
		"resource/eui_skins/HScrollBarSkin.exml",
		"resource/eui_skins/HSliderSkin.exml",
		"resource/eui_skins/ItemRendererSkin.exml",
		"resource/eui_skins/PanelSkin.exml",
		"resource/eui_skins/ProgressBarSkin.exml",
		"resource/eui_skins/RadioButtonSkin.exml",
		"resource/eui_skins/ScrollerSkin.exml",
		"resource/eui_skins/TextInputSkin.exml",
		"resource/eui_skins/ToggleSwitchSkin.exml",
		"resource/eui_skins/VScrollBarSkin.exml",
		"resource/eui_skins/VSliderSkin.exml",
		"resource/game_skin/BuyGoodItemSkin.exml",
		"resource/game_skin/CertificationSkin.exml",
		"resource/game_skin/DividendItemSkin.exml",
		"resource/game_skin/DividendSkin.exml",
		"resource/game_skin/DownLoadSkin.exml",
		"resource/game_skin/ExchangeItemSkin.exml",
		"resource/game_skin/ExchangeSkin.exml",
		"resource/game_skin/HelpMainSkin.exml",
		"resource/game_skin/HelpTipSkin.exml",
		"resource/game_skin/InjectListItemSkin.exml",
		"resource/game_skin/InjectListSkin.exml",
		"resource/game_skin/InjectLogItemSkin.exml",
		"resource/game_skin/InjectSkin.exml",
		"resource/game_skin/InviteCodeItemSkin.exml",
		"resource/game_skin/InviteCodeSkin.exml",
		"resource/game_skin/Mainui.exml",
		"resource/game_skin/MineIDSkin.exml",
		"resource/game_skin/MineKADLogItemSkin.exml",
		"resource/game_skin/MinePassSkin.exml",
		"resource/game_skin/MoneyLogItemSkin.exml",
		"resource/game_skin/MoneyLogSkin.exml",
		"resource/game_skin/PanelModuleDemo.exml",
		"resource/login_skins/CheckBoxLoginSkin.exml",
		"resource/game_skin/PetItemSkin.exml",
		"resource/game_skin/PetViewSkin.exml",
		"resource/game_skin/PriceSkin.exml",
		"resource/game_skin/PromptInputSkin.exml",
		"resource/game_skin/promptSkin.exml",
		"resource/game_skin/ShopItemSkin.exml",
		"resource/game_skin/ShopSkin.exml",
		"resource/game_skin/USDTLogItemSkin.exml",
		"resource/game_skin/USDTLogVSkin.exml",
		"resource/login_skins/CommonTipSkin.exml",
		"resource/login_skins/DisConnectSkin.exml",
		"resource/login_skins/GameLoadingProgressBarSkin.exml",
		"resource/login_skins/GameLoadingViewSkin.exml",
		"resource/login_skins/ServerListTextInputSkin.exml",
		"resource/login_skins/LoginViewSkin.exml"
	],
	"path": "resource/default.thm.json"
}