{"groups":[{"keys":"description_json,config_bin","name":"config"},{"keys":"xuanzhongxiaoguo_png,goumaigezibg_png,jiahao_png","name":"bag"},{"keys":"mainui_json","name":"common"},{"keys":"","name":"euiGroup"},{"keys":"common_beijing_png,trade_bg_png","name":"unpackAft"}],"resources":[{"url":"config/description.json","type":"json","name":"description_json"},{"url":"sheet/common.json","type":"sheet","name":"common_json","subkeys":"common_biaotitou,common_dadishang,common_dadixia,common_dikuang,common_dikuang2,common_dikuang3,common_fanhui,common_guanbi,common_title_bg,panel_biaotou,panel_biaotou2,panel_tanchuangdiban"},{"url":"config/config.bin","type":"bin","name":"config_bin"},{"url":"sheet/mainui.json","type":"sheet","name":"mainui_json","subkeys":"btn_bottom_exchange,btn_bottom_gold,btn_bottom_pet,btn_download,btn_exchange,btn_get,btn_help,btn_permit,btn_person,btn_price,btn_realname,exchange,game_title,home_frame,home_frame1,home_frame2,icon_Raiders,icon_dividend ,icon_dividend1,icon_gold,icon_gold1,icon_home,icon_injection,icon_injection1,icon_promote,icon_promote1,icon_shop,icon_shop1,icon_treasury,icon_usdt,item_di1,main_dikuang2,panel_frame2,panel_frame3"},{"url":"unpack/bg/common_beijing.png","type":"image","name":"common_beijing_png"},{"url":"assets/Button/button_down.png","type":"image","name":"button_down_png"},{"url":"assets/Button/button_up.png","type":"image","name":"button_up_png"},{"url":"assets/ItemRenderer/selected.png","type":"image","name":"selected_png"},{"url":"assets/CheckBox/checkbox_select_disabled.png","type":"image","name":"checkbox_select_disabled_png"},{"url":"assets/CheckBox/checkbox_select_down.png","type":"image","name":"checkbox_select_down_png"},{"url":"assets/CheckBox/checkbox_select_up.png","type":"image","name":"checkbox_select_up_png"},{"url":"assets/CheckBox/checkbox_unselect.png","type":"image","name":"checkbox_unselect_png"},{"url":"assets/Panel/border.png","type":"image","name":"border_png"},{"url":"assets/Panel/header.png","type":"image","name":"header_png"},{"url":"assets/ProgressBar/thumb_pb.png","type":"image","name":"thumb_pb_png"},{"url":"assets/ProgressBar/track_pb.png","type":"image","name":"track_pb_png"},{"url":"assets/RadioButton/radiobutton_select_disabled.png","type":"image","name":"radiobutton_select_disabled_png"},{"url":"assets/RadioButton/radiobutton_select_down.png","type":"image","name":"radiobutton_select_down_png"},{"url":"assets/RadioButton/radiobutton_select_up.png","type":"image","name":"radiobutton_select_up_png"},{"url":"assets/RadioButton/radiobutton_unselect.png","type":"image","name":"radiobutton_unselect_png"},{"url":"assets/ScrollBar/roundthumb.png","type":"image","name":"roundthumb_png"},{"url":"assets/ScrollBar/track_sb.png","type":"image","name":"track_sb_png"},{"url":"assets/Slider/thumb.png","type":"image","name":"thumb_png"},{"url":"assets/Slider/track.png","type":"image","name":"track_png"},{"url":"assets/Slider/tracklight.png","type":"image","name":"tracklight_png"},{"url":"assets/ToggleSwitch/handle.png","type":"image","name":"handle_png"},{"url":"assets/ToggleSwitch/off.png","type":"image","name":"off_png"},{"url":"assets/ToggleSwitch/on.png","type":"image","name":"on_png"},{"url":"table/TableFishPath.json","type":"json","name":"TableFishPath_json"},{"url":"unpack/bg/trade_bg.png","type":"image","name":"trade_bg_png"},{"url":"sheet/trade.json","type":"sheet","name":"trade_json","subkeys":"btn_help,button_img,exchange_title_img,hengtiao,input_img,input_img2,kuang_img,kuang_img2,liet_item,list_bg,list_bg2,list_kuang,list_title,mask_bg,panel_bg,panel_bg2,zhuzi,zhuziditu"},{"url":"assets/ui1.png","type":"image","name":"ui1_png"},{"url":"assets/ui2.png","type":"image","name":"ui2_png"},{"url":"assets/ui3.png","type":"image","name":"ui3_png"},{"url":"assets/ui4.jpg","type":"image","name":"ui4_jpg"},{"url":"sheet/injectList.json","type":"sheet","name":"injectList_json","subkeys":"common_anniud_png,dfzbs_saiqu_dijianniu_png,dfzbs_saiqudiban_png,dikuang_png,frame_dianfengzhengba_xuanzhekuang_png"},{"url":"assets/ui6.png","type":"image","name":"ui6_png"},{"url":"assets/ui5.png","type":"image","name":"ui5_png"},{"url":"sheet/panel2.json","type":"sheet","name":"panel2_json","subkeys":"alertbg,alertbg1,alertbg2,btn_back,btn_close2,panel_di,panel_frame,panel_img,panel_title,title_banner,title_bg,title_bg2"},{"url":"sheet/nameImg.json","type":"sheet","name":"nameImg_json","subkeys":"title_duihuan,title_exchange,title_fenhong,title_jibi,title_pet,title_renzheng,title_shop,title_tongz,title_tongzheng,title_tuiguang,title_zhuru,title_zichan"},{"url":"sheet/panel1.json","type":"sheet","name":"panel1_json","subkeys":"btn_close,panel_bar1,panel_bar2,panel_bg,title_img"},{"url":"sheet/panelui.json","type":"sheet","name":"panelui_json","subkeys":"AnZhuoTuBiao,GuiMo,GuiMoShuoMing,JianTou,JiaoYi,PingGuoTuBiao,ShenSeTouMingDi,ShiMingRenZhengTuBiao,ShuRuKuang1,TiCheng,TuanDuiGuiMo,anniu_1,anniu_2,anniu_3,anniu_4,icon_person1,icon_person2"},{"url":"sheet/commp.json","type":"sheet","name":"commp_json","subkeys":"LieBiaoKuang2,LieBiaoKuang3,btn_common,btn_common1,btn_red,item_icon,item_icon1,panel_frame4"},{"url":"unpack/bg/XiaZaiBeiJing.png","type":"image","name":"XiaZaiBeiJing_png"},{"name":"bag_json","type":"sheet","subkeys":"xuanzhongxiaoguo_png,goumaigezibg_png,jiahao_png","url":"textureMerger/bag.json"},{"name":"bag_png","type":"image","url":"textureMerger/bag.png"}]}